workout_date,workout_title,exercise_title,exercise_template_id,set_index,set_type,weight_kg,reps
2026-05-23,LEGS,Leg Extension (Machine),75A4F6C4,0,normal,47.63,10
2026-05-23,LEGS,Leg Extension (Machine),75A4F6C4,1,normal,40.82,15
2026-05-23,LEGS,Squat (Smith Machine),DDCC3821,0,normal,0,8
2026-05-23,LEGS,Squat (Smith Machine),DDCC3821,1,normal,0,12
2026-05-23,LEGS,Leg Press (Machine),C7973E0E,0,normal,22.68,12
2026-05-23,LEGS,Leg Press (Machine),C7973E0E,1,normal,22.68,16
2026-05-23,LEGS,Seated Leg Curl (Machine),11A123F3,0,normal,40.82,10
2026-05-23,LEGS,Seated Leg Curl (Machine),11A123F3,1,normal,34.02,20
2026-05-23,LEGS,Seated Leg Curl (Machine),11A123F3,2,normal,34.02,20
2026-05-23,LEGS,Hip Adduction (Machine),8BEBFED6,0,normal,27.22,8
2026-05-23,LEGS,Hip Adduction (Machine),8BEBFED6,1,normal,20.41,12
2026-05-23,LEGS,Hip Adduction (Machine),8BEBFED6,2,normal,13.61,20
2026-05-23,LEGS,Hip Adduction (Machine),8BEBFED6,3,normal,13.61,20
2026-05-22,PULL,Seated Row (Machine),1DF4A847,0,normal,36.29,12
2026-05-22,PULL,Seated Row (Machine),1DF4A847,1,normal,31.75,16
2026-05-22,PULL,Lat Pulldown (Machine),473CF5B8,0,normal,36.29,8
2026-05-22,PULL,Lat Pulldown (Machine),473CF5B8,1,normal,27.22,16
2026-05-22,PULL,Lateral Raise (Dumbbell),422B08F1,0,normal,9.07,16
2026-05-22,PULL,Lateral Raise (Dumbbell),422B08F1,1,normal,9.07,16
2026-05-22,PULL,Lateral Raise (Dumbbell),422B08F1,2,normal,9.07,16
2026-05-22,PULL,Rear Delt Reverse Fly (Machine),D8281C62,0,normal,9.07,12
2026-05-22,PULL,Rear Delt Reverse Fly (Machine),D8281C62,1,normal,9.07,12
2026-05-22,PULL,Straight Arm Lat Pulldown (Cable),D2387AB1,0,normal,13.61,16
2026-05-22,PULL,Straight Arm Lat Pulldown (Cable),D2387AB1,1,normal,13.61,16
2026-05-22,PULL,Straight Arm Lat Pulldown (Cable),D2387AB1,2,normal,13.61,16
2026-05-22,PULL,Pull Up (Assisted),2C37EC5E,0,normal,22.68,9
2026-05-22,PULL,Pull Up (Assisted),2C37EC5E,1,normal,31.75,12
2026-05-22,PULL,Pull Up (Assisted),2C37EC5E,2,normal,31.75,12
2026-05-22,PULL,Preacher Curl (Machine),1E9A6B8E,0,normal,13.61,12
2026-05-22,PULL,Preacher Curl (Machine),1E9A6B8E,1,normal,9.07,16
2026-05-22,PULL,Preacher Curl (Machine),1E9A6B8E,2,normal,9.07,16
2026-05-22,PULL,Hammer Curl (Dumbbell),7E3BC8B6,0,normal,13.61,12
2026-05-22,PULL,Hammer Curl (Dumbbell),7E3BC8B6,1,normal,13.61,12
2026-05-22,PULL,Hammer Curl (Dumbbell),7E3BC8B6,2,normal,13.61,12
2026-05-21,PUSH,Incline Chest Press (Machine),FBF92739,0,normal,22.68,12
2026-05-21,PUSH,Incline Chest Press (Machine),FBF92739,1,normal,13.61,16
2026-05-21,PUSH,Chest Press (Machine),7EB3F7C3,0,normal,22.68,10
2026-05-21,PUSH,Chest Press (Machine),7EB3F7C3,1,normal,13.61,16
2026-05-21,PUSH,Cable Fly Crossovers,651F844C,0,normal,27.22,8
2026-05-21,PUSH,Cable Fly Crossovers,651F844C,1,normal,18.14,16
2026-05-21,PUSH,Cable Fly Crossovers,651F844C,2,normal,18.14,16
2026-05-21,PUSH,Push Up,392887AA,0,failure,0,20
2026-05-21,PUSH,Front Raise (Cable),DBB91A3C,0,normal,13.61,12
2026-05-21,PUSH,Front Raise (Cable),DBB91A3C,1,normal,9.07,16
2026-05-21,PUSH,Triceps Pushdown,93A552C6,0,normal,27.22,14
2026-05-21,PUSH,Triceps Pushdown,93A552C6,1,normal,27.22,14
2026-05-21,PUSH,Triceps Pushdown,93A552C6,2,normal,27.22,8
2026-05-21,PUSH,Skullcrusher (Dumbbell),68F8A292,0,normal,9.07,16
2026-05-21,PUSH,Skullcrusher (Dumbbell),68F8A292,1,normal,9.07,16
2026-05-21,PUSH,Skullcrusher (Dumbbell),68F8A292,2,normal,9.07,16
2026-05-09,Morning workout ☀️,Seated Cable Row - V Grip (Cable),0393F233,0,warmup,18.14,6
2026-05-09,Morning workout ☀️,Seated Cable Row - V Grip (Cable),0393F233,1,normal,31.75,10
2026-05-09,Morning workout ☀️,Seated Cable Row - V Grip (Cable),0393F233,2,normal,31.75,10
2026-05-09,Morning workout ☀️,Seated Cable Row - V Grip (Cable),0393F233,3,normal,31.75,10
2026-05-09,Morning workout ☀️,Lat Pulldown (Cable),6A6C31A5,0,normal,40.82,10
2026-05-09,Morning workout ☀️,Lat Pulldown (Cable),6A6C31A5,1,normal,40.82,10
2026-05-09,Morning workout ☀️,Lat Pulldown (Cable),6A6C31A5,2,normal,40.82,10
2026-05-09,Morning workout ☀️,Incline Bench Press (Dumbbell),07B38369,0,warmup,27.22,7
2026-05-09,Morning workout ☀️,Incline Bench Press (Dumbbell),07B38369,1,normal,40.82,12
2026-05-09,Morning workout ☀️,Incline Bench Press (Dumbbell),07B38369,2,normal,40.82,12
2026-05-09,Morning workout ☀️,Incline Bench Press (Dumbbell),07B38369,3,normal,40.82,8
2026-05-09,Morning workout ☀️,Triceps Pushdown,93A552C6,0,normal,27.22,12
2026-05-09,Morning workout ☀️,Triceps Pushdown,93A552C6,1,normal,27.22,12
2026-05-09,Morning workout ☀️,Triceps Pushdown,93A552C6,2,normal,27.22,12
2026-05-06,Morning workout ☀️,Chest Supported Incline Row (Dumbbell),914F3A96,0,warmup,27.22,7
2026-05-06,Morning workout ☀️,Chest Supported Incline Row (Dumbbell),914F3A96,1,normal,36.29,9
2026-05-06,Morning workout ☀️,Chest Supported Incline Row (Dumbbell),914F3A96,2,normal,36.29,9
2026-05-06,Morning workout ☀️,Chest Supported Incline Row (Dumbbell),914F3A96,3,normal,36.29,9
2026-05-06,Morning workout ☀️,Incline Bench Press (Dumbbell),07B38369,0,warmup,27.22,6
2026-05-06,Morning workout ☀️,Incline Bench Press (Dumbbell),07B38369,1,normal,36.29,12
2026-05-06,Morning workout ☀️,Incline Bench Press (Dumbbell),07B38369,2,normal,36.29,12
2026-05-06,Morning workout ☀️,Incline Bench Press (Dumbbell),07B38369,3,normal,36.29,12
2026-05-06,Morning workout ☀️,Chin Up (Weighted),023943F1,0,normal,2.27,5
2026-05-06,Morning workout ☀️,Chin Up (Weighted),023943F1,1,normal,2.27,5
2026-05-06,Morning workout ☀️,Chin Up (Weighted),023943F1,2,normal,2.27,5
2026-05-06,Morning workout ☀️,Triceps Pushdown,93A552C6,0,normal,27.22,12
2026-05-06,Morning workout ☀️,Triceps Pushdown,93A552C6,1,normal,27.22,11
2026-05-06,Morning workout ☀️,Triceps Pushdown,93A552C6,2,normal,27.22,12
2026-05-06,Morning workout ☀️,Bicep Curl (Dumbbell),37FCC2BB,0,normal,18.14,12
2026-05-06,Morning workout ☀️,Bicep Curl (Dumbbell),37FCC2BB,1,normal,18.14,12
2026-05-06,Morning workout ☀️,Bicep Curl (Dumbbell),37FCC2BB,2,normal,18.14,11
2026-05-03,Lower B - Hinge Focus - Adaptation Phase,Romanian Deadlift (Barbell),2B4B7310,0,warmup,34.02,5
2026-05-03,Lower B - Hinge Focus - Adaptation Phase,Romanian Deadlift (Barbell),2B4B7310,1,normal,34.02,8
2026-05-03,Lower B - Hinge Focus - Adaptation Phase,Romanian Deadlift (Barbell),2B4B7310,2,normal,34.02,8
2026-05-03,Lower B - Hinge Focus - Adaptation Phase,Romanian Deadlift (Barbell),2B4B7310,3,normal,34.02,8
2026-05-03,Lower B - Hinge Focus - Adaptation Phase,Goblet Squat,3D0C7C75,0,normal,11.34,8
2026-05-03,Lower B - Hinge Focus - Adaptation Phase,Goblet Squat,3D0C7C75,1,normal,11.34,8
2026-05-03,Lower B - Hinge Focus - Adaptation Phase,Leg Extension (Machine),75A4F6C4,0,normal,40.82,15
2026-05-03,Lower B - Hinge Focus - Adaptation Phase,Leg Extension (Machine),75A4F6C4,1,normal,40.82,15
2026-05-03,Lower B - Hinge Focus - Adaptation Phase,Leg Extension (Machine),75A4F6C4,2,normal,40.82,15
2026-05-03,Lower B - Hinge Focus - Adaptation Phase,Seated Leg Curl (Machine),11A123F3,0,normal,40.82,15
2026-05-03,Lower B - Hinge Focus - Adaptation Phase,Seated Leg Curl (Machine),11A123F3,1,normal,40.82,15
2026-05-03,Lower B - Hinge Focus - Adaptation Phase,Seated Leg Curl (Machine),11A123F3,2,normal,40.82,15
2026-05-02,Morning workout ☀️,Chest Supported Incline Row (Dumbbell),914F3A96,0,warmup,27.22,6
2026-05-02,Morning workout ☀️,Chest Supported Incline Row (Dumbbell),914F3A96,1,normal,36.29,9
2026-05-02,Morning workout ☀️,Chest Supported Incline Row (Dumbbell),914F3A96,2,normal,36.29,8
2026-05-02,Morning workout ☀️,Chest Supported Incline Row (Dumbbell),914F3A96,3,normal,36.29,9
2026-05-02,Morning workout ☀️,Incline Bench Press (Dumbbell),07B38369,0,warmup,27.22,6
2026-05-02,Morning workout ☀️,Incline Bench Press (Dumbbell),07B38369,1,normal,36.29,10
2026-05-02,Morning workout ☀️,Incline Bench Press (Dumbbell),07B38369,2,normal,36.29,10
2026-05-02,Morning workout ☀️,Incline Bench Press (Dumbbell),07B38369,3,normal,36.29,10
2026-05-02,Morning workout ☀️,Lat Pulldown (Cable),6A6C31A5,0,warmup,27.22,6
2026-05-02,Morning workout ☀️,Lat Pulldown (Cable),6A6C31A5,1,normal,40.82,9
2026-05-02,Morning workout ☀️,Lat Pulldown (Cable),6A6C31A5,2,normal,40.82,10
2026-05-02,Morning workout ☀️,Lat Pulldown (Cable),6A6C31A5,3,normal,40.82,10
2026-05-02,Morning workout ☀️,Triceps Pushdown,93A552C6,0,normal,18.14,15
2026-05-02,Morning workout ☀️,Triceps Pushdown,93A552C6,1,normal,18.14,15
2026-05-02,Morning workout ☀️,Triceps Pushdown,93A552C6,2,normal,18.14,15
2026-05-02,Morning workout ☀️,Bicep Curl (Dumbbell),37FCC2BB,0,normal,13.61,15
2026-05-02,Morning workout ☀️,Bicep Curl (Dumbbell),37FCC2BB,1,normal,13.61,15
2026-05-02,Morning workout ☀️,Bicep Curl (Dumbbell),37FCC2BB,2,normal,13.61,15
2026-04-30,Lower B - Hinge Focus - Adaptation Phase,Romanian Deadlift (Barbell),2B4B7310,0,warmup,20.41,5
2026-04-30,Lower B - Hinge Focus - Adaptation Phase,Romanian Deadlift (Barbell),2B4B7310,1,warmup,36.29,5
2026-04-30,Lower B - Hinge Focus - Adaptation Phase,Romanian Deadlift (Barbell),2B4B7310,2,normal,36.29,10
2026-04-30,Lower B - Hinge Focus - Adaptation Phase,Romanian Deadlift (Barbell),2B4B7310,3,normal,36.29,10
2026-04-30,Lower B - Hinge Focus - Adaptation Phase,Romanian Deadlift (Barbell),2B4B7310,4,normal,36.29,10
2026-04-30,Lower B - Hinge Focus - Adaptation Phase,Goblet Squat,3D0C7C75,0,normal,6.8,8
2026-04-30,Lower B - Hinge Focus - Adaptation Phase,Goblet Squat,3D0C7C75,1,normal,6.8,8
2026-04-30,Lower B - Hinge Focus - Adaptation Phase,Goblet Squat,3D0C7C75,2,normal,6.8,8
2026-04-30,Lower B - Hinge Focus - Adaptation Phase,Leg Extension (Machine),75A4F6C4,0,normal,38.56,15
2026-04-30,Lower B - Hinge Focus - Adaptation Phase,Leg Extension (Machine),75A4F6C4,1,normal,38.56,15
2026-04-30,Lower B - Hinge Focus - Adaptation Phase,Leg Extension (Machine),75A4F6C4,2,normal,38.56,15
2026-04-30,Lower B - Hinge Focus - Adaptation Phase,Seated Leg Curl (Machine),11A123F3,0,normal,38.56,15
2026-04-30,Lower B - Hinge Focus - Adaptation Phase,Seated Leg Curl (Machine),11A123F3,1,normal,38.56,15
2026-04-30,Lower B - Hinge Focus - Adaptation Phase,Seated Leg Curl (Machine),11A123F3,2,normal,38.56,15
2026-04-30,Lower B - Hinge Focus - Adaptation Phase,Standing Calf Raise (Dumbbell),6DA40660,0,normal,9.07,12
2026-04-30,Lower B - Hinge Focus - Adaptation Phase,Standing Calf Raise (Dumbbell),6DA40660,1,normal,9.07,12
2026-04-30,Lower B - Hinge Focus - Adaptation Phase,Standing Calf Raise (Dumbbell),6DA40660,2,normal,9.07,15
2026-04-28,Morning workout ☀️,Chest Supported Incline Row (Dumbbell),914F3A96,0,warmup,22.68,6
2026-04-28,Morning workout ☀️,Chest Supported Incline Row (Dumbbell),914F3A96,1,normal,31.75,10
2026-04-28,Morning workout ☀️,Chest Supported Incline Row (Dumbbell),914F3A96,2,normal,31.75,10
2026-04-28,Morning workout ☀️,Chest Supported Incline Row (Dumbbell),914F3A96,3,normal,31.75,11
2026-04-28,Morning workout ☀️,Incline Bench Press (Dumbbell),07B38369,0,warmup,22.68,6
2026-04-28,Morning workout ☀️,Incline Bench Press (Dumbbell),07B38369,1,normal,31.75,11
2026-04-28,Morning workout ☀️,Incline Bench Press (Dumbbell),07B38369,2,normal,31.75,11
2026-04-28,Morning workout ☀️,Incline Bench Press (Dumbbell),07B38369,3,normal,31.75,12
2026-04-28,Morning workout ☀️,Lat Pulldown (Cable),6A6C31A5,0,normal,36.29,10
2026-04-28,Morning workout ☀️,Lat Pulldown (Cable),6A6C31A5,1,normal,36.29,10
2026-04-28,Morning workout ☀️,Lat Pulldown (Cable),6A6C31A5,2,normal,36.29,10
2026-04-28,Morning workout ☀️,Triceps Pushdown,93A552C6,0,normal,15.88,15
2026-04-28,Morning workout ☀️,Triceps Pushdown,93A552C6,1,normal,15.88,15
2026-04-28,Morning workout ☀️,Triceps Pushdown,93A552C6,2,normal,15.88,15
2026-04-28,Morning workout ☀️,Bicep Curl (Cable),ADA8623C,0,normal,13.61,10
2026-04-28,Morning workout ☀️,Bicep Curl (Cable),ADA8623C,1,normal,11.34,12
2026-04-28,Morning workout ☀️,Bicep Curl (Cable),ADA8623C,2,normal,11.34,12
2026-04-25,Lower B - Hinge Focus - Adaptation Phase,Romanian Deadlift (Barbell),2B4B7310,0,warmup,20.41,5
2026-04-25,Lower B - Hinge Focus - Adaptation Phase,Romanian Deadlift (Barbell),2B4B7310,1,warmup,29.48,5
2026-04-25,Lower B - Hinge Focus - Adaptation Phase,Romanian Deadlift (Barbell),2B4B7310,2,normal,43.09,8
2026-04-25,Lower B - Hinge Focus - Adaptation Phase,Romanian Deadlift (Barbell),2B4B7310,3,normal,43.09,8
2026-04-25,Lower B - Hinge Focus - Adaptation Phase,Romanian Deadlift (Barbell),2B4B7310,4,normal,43.09,8
2026-04-25,Lower B - Hinge Focus - Adaptation Phase,Goblet Squat,3D0C7C75,0,normal,4.54,8
2026-04-25,Lower B - Hinge Focus - Adaptation Phase,Goblet Squat,3D0C7C75,1,normal,4.54,8
2026-04-25,Lower B - Hinge Focus - Adaptation Phase,Goblet Squat,3D0C7C75,2,normal,4.54,8
2026-04-25,Lower B - Hinge Focus - Adaptation Phase,Leg Extension (Machine),75A4F6C4,0,normal,36.29,14
2026-04-25,Lower B - Hinge Focus - Adaptation Phase,Leg Extension (Machine),75A4F6C4,1,normal,36.29,14
2026-04-25,Lower B - Hinge Focus - Adaptation Phase,Leg Extension (Machine),75A4F6C4,2,normal,36.29,14
2026-04-25,Lower B - Hinge Focus - Adaptation Phase,Seated Leg Curl (Machine),11A123F3,0,warmup,31.75,5
2026-04-25,Lower B - Hinge Focus - Adaptation Phase,Seated Leg Curl (Machine),11A123F3,1,normal,36.29,14
2026-04-25,Lower B - Hinge Focus - Adaptation Phase,Seated Leg Curl (Machine),11A123F3,2,normal,36.29,14
2026-04-25,Lower B - Hinge Focus - Adaptation Phase,Seated Leg Curl (Machine),11A123F3,3,normal,36.29,14
2026-04-25,Late night workout 🌙,Chest Supported Incline Row (Dumbbell),914F3A96,0,warmup,22.68,6
2026-04-25,Late night workout 🌙,Chest Supported Incline Row (Dumbbell),914F3A96,1,normal,31.75,9
2026-04-25,Late night workout 🌙,Chest Supported Incline Row (Dumbbell),914F3A96,2,normal,31.75,9
2026-04-25,Late night workout 🌙,Chest Supported Incline Row (Dumbbell),914F3A96,3,normal,31.75,9
2026-04-25,Late night workout 🌙,Incline Bench Press (Dumbbell),07B38369,0,warmup,22.68,6
2026-04-25,Late night workout 🌙,Incline Bench Press (Dumbbell),07B38369,1,normal,31.75,10
2026-04-25,Late night workout 🌙,Incline Bench Press (Dumbbell),07B38369,2,normal,31.75,10
2026-04-25,Late night workout 🌙,Incline Bench Press (Dumbbell),07B38369,3,normal,31.75,10
2026-04-25,Late night workout 🌙,Lat Pulldown (Cable),6A6C31A5,0,normal,31.75,10
2026-04-25,Late night workout 🌙,Lat Pulldown (Cable),6A6C31A5,1,normal,31.75,10
2026-04-25,Late night workout 🌙,Lat Pulldown (Cable),6A6C31A5,2,normal,31.75,10
2026-04-25,Late night workout 🌙,Bicep Curl (Dumbbell),37FCC2BB,0,normal,13.61,10
2026-04-25,Late night workout 🌙,Bicep Curl (Dumbbell),37FCC2BB,1,normal,13.61,10
2026-04-25,Late night workout 🌙,Bicep Curl (Dumbbell),37FCC2BB,2,normal,13.61,10
2026-04-23,Lower A - Squat Focus - Adaptation Phase,Goblet Squat,3D0C7C75,0,normal,0,11
2026-04-23,Lower A - Squat Focus - Adaptation Phase,Goblet Squat,3D0C7C75,1,normal,0,11
2026-04-23,Lower A - Squat Focus - Adaptation Phase,Goblet Squat,3D0C7C75,2,normal,0,11
2026-04-23,Lower A - Squat Focus - Adaptation Phase,Leg Extension (Machine),75A4F6C4,0,warmup,31.75,9
2026-04-23,Lower A - Squat Focus - Adaptation Phase,Leg Extension (Machine),75A4F6C4,1,normal,40.82,12
2026-04-23,Lower A - Squat Focus - Adaptation Phase,Leg Extension (Machine),75A4F6C4,2,normal,40.82,12
2026-04-23,Lower A - Squat Focus - Adaptation Phase,Leg Extension (Machine),75A4F6C4,3,normal,40.82,12
2026-04-23,Lower A - Squat Focus - Adaptation Phase,Seated Leg Curl (Machine),11A123F3,0,warmup,18.14,8
2026-04-23,Lower A - Squat Focus - Adaptation Phase,Seated Leg Curl (Machine),11A123F3,1,warmup,29.48,8
2026-04-23,Lower A - Squat Focus - Adaptation Phase,Seated Leg Curl (Machine),11A123F3,2,normal,40.82,12
2026-04-23,Lower A - Squat Focus - Adaptation Phase,Seated Leg Curl (Machine),11A123F3,3,normal,40.82,12
2026-04-23,Lower A - Squat Focus - Adaptation Phase,Seated Leg Curl (Machine),11A123F3,4,normal,40.82,12
2026-04-21,Upper A - Press Focus - Adaptation Phase,Bench Press (Dumbbell),3601968B,0,warmup,18.14,12
2026-04-21,Upper A - Press Focus - Adaptation Phase,Bench Press (Dumbbell),3601968B,1,normal,31.75,13
2026-04-21,Upper A - Press Focus - Adaptation Phase,Bench Press (Dumbbell),3601968B,2,normal,31.75,13
2026-04-21,Upper A - Press Focus - Adaptation Phase,Bench Press (Dumbbell),3601968B,3,normal,31.75,13
2026-04-21,Upper A - Press Focus - Adaptation Phase,Single Arm Lateral Raise (Cable),DE68C825,0,warmup,1.13,5
2026-04-21,Upper A - Press Focus - Adaptation Phase,Single Arm Lateral Raise (Cable),DE68C825,1,normal,3.4,8
2026-04-21,Upper A - Press Focus - Adaptation Phase,Single Arm Lateral Raise (Cable),DE68C825,2,normal,3.4,8
2026-04-21,Upper A - Press Focus - Adaptation Phase,Single Arm Lateral Raise (Cable),DE68C825,3,normal,3.4,8
2026-04-21,Upper A - Press Focus - Adaptation Phase,Single Arm Cable Row,D0C4A899,0,normal,11.34,10
2026-04-21,Upper A - Press Focus - Adaptation Phase,Single Arm Cable Row,D0C4A899,1,normal,11.34,10
2026-04-21,Upper A - Press Focus - Adaptation Phase,Single Arm Cable Row,D0C4A899,2,normal,11.34,10
2026-04-21,Upper A - Press Focus - Adaptation Phase,Triceps Pushdown,93A552C6,0,normal,15.88,15
2026-04-21,Upper A - Press Focus - Adaptation Phase,Triceps Pushdown,93A552C6,1,normal,15.88,12
2026-04-21,Upper A - Press Focus - Adaptation Phase,Triceps Pushdown,93A552C6,2,normal,15.88,12
2026-04-21,Upper A - Press Focus - Adaptation Phase,Lat Pulldown (Cable),6A6C31A5,0,normal,31.75,12
2026-04-17,Morning workout ☀️,Incline Bench Press (Dumbbell),07B38369,0,normal,24,10
2026-04-17,Morning workout ☀️,Incline Bench Press (Dumbbell),07B38369,1,normal,32,8
2026-04-17,Morning workout ☀️,Incline Bench Press (Dumbbell),07B38369,2,failure,32,9
2026-04-17,Morning workout ☀️,Lat Pulldown (Cable),6A6C31A5,0,normal,22.68,6
2026-04-17,Morning workout ☀️,Lat Pulldown (Cable),6A6C31A5,1,normal,31.75,8
2026-04-17,Morning workout ☀️,Lat Pulldown (Cable),6A6C31A5,2,normal,36.29,9
2026-04-17,Morning workout ☀️,Lat Pulldown (Cable),6A6C31A5,3,normal,36.29,9
2026-04-17,Morning workout ☀️,Seated Cable Row - V Grip (Cable),0393F233,0,normal,36.29,8
2026-04-17,Morning workout ☀️,Seated Cable Row - V Grip (Cable),0393F233,1,normal,31.75,8
2026-04-17,Morning workout ☀️,Triceps Pushdown,93A552C6,0,normal,18.14,10
2026-04-17,Morning workout ☀️,Triceps Pushdown,93A552C6,1,normal,18.14,10
2026-04-17,Morning workout ☀️,Triceps Pushdown,93A552C6,2,normal,18.14,8
2026-04-15,Lower A - Squat Focus - Adaptation Phase,Goblet Squat,3D0C7C75,0,normal,0,10
2026-04-15,Lower A - Squat Focus - Adaptation Phase,Goblet Squat,3D0C7C75,1,normal,0,10
2026-04-15,Lower A - Squat Focus - Adaptation Phase,Goblet Squat,3D0C7C75,2,normal,0,10
2026-04-15,Lower A - Squat Focus - Adaptation Phase,Romanian Deadlift (Barbell),2B4B7310,0,warmup,22.68,5
2026-04-15,Lower A - Squat Focus - Adaptation Phase,Romanian Deadlift (Barbell),2B4B7310,1,normal,36.29,12
2026-04-15,Lower A - Squat Focus - Adaptation Phase,Romanian Deadlift (Barbell),2B4B7310,2,normal,36.29,12
2026-04-15,Lower A - Squat Focus - Adaptation Phase,Romanian Deadlift (Barbell),2B4B7310,3,normal,36.29,12
2026-04-15,Lower A - Squat Focus - Adaptation Phase,Leg Extension (Machine),75A4F6C4,0,warmup,22.68,5
2026-04-15,Lower A - Squat Focus - Adaptation Phase,Leg Extension (Machine),75A4F6C4,1,normal,38.56,15
2026-04-15,Lower A - Squat Focus - Adaptation Phase,Leg Extension (Machine),75A4F6C4,2,normal,38.56,15
2026-04-15,Lower A - Squat Focus - Adaptation Phase,Leg Extension (Machine),75A4F6C4,3,normal,38.56,15
2026-04-15,Lower A - Squat Focus - Adaptation Phase,Seated Leg Curl (Machine),11A123F3,0,warmup,22.68,5
2026-04-15,Lower A - Squat Focus - Adaptation Phase,Seated Leg Curl (Machine),11A123F3,1,normal,38.56,15
2026-04-15,Lower A - Squat Focus - Adaptation Phase,Seated Leg Curl (Machine),11A123F3,2,normal,38.56,15
2026-04-15,Lower A - Squat Focus - Adaptation Phase,Seated Leg Curl (Machine),11A123F3,3,normal,38.56,15
2026-04-15,Lower A - Squat Focus - Adaptation Phase,Hip Thrust (Machine),68CE0B9B,0,normal,15.88,15
2026-04-15,Lower A - Squat Focus - Adaptation Phase,Hip Thrust (Machine),68CE0B9B,1,normal,15.88,15
2026-04-15,Lower A - Squat Focus - Adaptation Phase,Hip Thrust (Machine),68CE0B9B,2,normal,15.88,15
2026-04-15,Lower A - Squat Focus - Adaptation Phase,Standing Calf Raise (Dumbbell),6DA40660,0,normal,11.34,17
2026-04-15,Lower A - Squat Focus - Adaptation Phase,Standing Calf Raise (Dumbbell),6DA40660,1,normal,11.34,18
2026-04-15,Lower A - Squat Focus - Adaptation Phase,Standing Calf Raise (Dumbbell),6DA40660,2,normal,11.34,18
2026-04-15,Lower A - Squat Focus - Adaptation Phase,Sumo Squat (Dumbbell),05293BCA,0,normal,0,9
2026-04-15,Lower A - Squat Focus - Adaptation Phase,Sumo Squat (Dumbbell),05293BCA,1,normal,0,9
2026-04-14,Upper A - Press Focus - Adaptation Phase,Incline Bench Press (Barbell),50DFDFAB,0,warmup,20.41,7
2026-04-14,Upper A - Press Focus - Adaptation Phase,Incline Bench Press (Barbell),50DFDFAB,1,warmup,29.48,5
2026-04-14,Upper A - Press Focus - Adaptation Phase,Incline Bench Press (Barbell),50DFDFAB,2,normal,38.56,10
2026-04-14,Upper A - Press Focus - Adaptation Phase,Incline Bench Press (Barbell),50DFDFAB,3,normal,38.56,10
2026-04-14,Upper A - Press Focus - Adaptation Phase,Incline Bench Press (Barbell),50DFDFAB,4,normal,38.56,10
2026-04-14,Upper A - Press Focus - Adaptation Phase,Shoulder Press (Dumbbell),878CD1D0,0,normal,22.68,10
2026-04-14,Upper A - Press Focus - Adaptation Phase,Shoulder Press (Dumbbell),878CD1D0,1,normal,22.68,10
2026-04-14,Upper A - Press Focus - Adaptation Phase,Shoulder Press (Dumbbell),878CD1D0,2,normal,22.68,10
2026-04-14,Upper A - Press Focus - Adaptation Phase,Bench Press (Dumbbell),3601968B,0,normal,31.75,12
2026-04-14,Upper A - Press Focus - Adaptation Phase,Bench Press (Dumbbell),3601968B,1,normal,31.75,12
2026-04-14,Upper A - Press Focus - Adaptation Phase,Bench Press (Dumbbell),3601968B,2,normal,31.75,12
2026-04-14,Upper A - Press Focus - Adaptation Phase,Single Arm Lateral Raise (Cable),DE68C825,0,normal,2.27,14
2026-04-14,Upper A - Press Focus - Adaptation Phase,Single Arm Lateral Raise (Cable),DE68C825,1,normal,2.27,14
2026-04-14,Upper A - Press Focus - Adaptation Phase,Single Arm Lateral Raise (Cable),DE68C825,2,normal,2.27,14
2026-04-14,Upper A - Press Focus - Adaptation Phase,Single Arm Cable Row,D0C4A899,0,normal,9.07,10
2026-04-14,Upper A - Press Focus - Adaptation Phase,Single Arm Cable Row,D0C4A899,1,normal,9.07,10
2026-04-14,Upper A - Press Focus - Adaptation Phase,Single Arm Cable Row,D0C4A899,2,normal,9.07,10
2026-04-14,Upper A - Press Focus - Adaptation Phase,Triceps Pushdown,93A552C6,0,normal,15.88,15
2026-04-14,Upper A - Press Focus - Adaptation Phase,Triceps Pushdown,93A552C6,1,normal,15.88,15
2026-04-14,Upper A - Press Focus - Adaptation Phase,Triceps Pushdown,93A552C6,2,normal,15.88,15
2026-04-14,Upper A - Press Focus - Adaptation Phase,Lat Pulldown (Cable),6A6C31A5,0,normal,36.29,11
2026-04-14,Upper A - Press Focus - Adaptation Phase,Lat Pulldown (Cable),6A6C31A5,1,normal,36.29,11
2026-04-14,Upper A - Press Focus - Adaptation Phase,Lat Pulldown (Cable),6A6C31A5,2,normal,36.29,11
2026-04-11,Lower B - Hinge Focus - Adaptation Phase,Romanian Deadlift (Barbell),2B4B7310,0,warmup,27.22,5
2026-04-11,Lower B - Hinge Focus - Adaptation Phase,Romanian Deadlift (Barbell),2B4B7310,1,normal,40.82,8
2026-04-11,Lower B - Hinge Focus - Adaptation Phase,Romanian Deadlift (Barbell),2B4B7310,2,normal,40.82,9
2026-04-11,Lower B - Hinge Focus - Adaptation Phase,Romanian Deadlift (Barbell),2B4B7310,3,normal,40.82,9
2026-04-11,Lower B - Hinge Focus - Adaptation Phase,Bulgarian Split Squat,B5D3A742,0,normal,0,9
2026-04-11,Lower B - Hinge Focus - Adaptation Phase,Bulgarian Split Squat,B5D3A742,1,normal,0,9
2026-04-11,Lower B - Hinge Focus - Adaptation Phase,Bulgarian Split Squat,B5D3A742,2,normal,0,9
2026-04-11,Lower B - Hinge Focus - Adaptation Phase,Leg Extension (Machine),75A4F6C4,0,normal,36.29,15
2026-04-11,Lower B - Hinge Focus - Adaptation Phase,Leg Extension (Machine),75A4F6C4,1,normal,36.29,15
2026-04-11,Lower B - Hinge Focus - Adaptation Phase,Leg Extension (Machine),75A4F6C4,2,normal,36.29,15
2026-04-11,Lower B - Hinge Focus - Adaptation Phase,Seated Leg Curl (Machine),11A123F3,0,normal,36.29,15
2026-04-11,Lower B - Hinge Focus - Adaptation Phase,Seated Leg Curl (Machine),11A123F3,1,normal,36.29,15
2026-04-11,Lower B - Hinge Focus - Adaptation Phase,Seated Leg Curl (Machine),11A123F3,2,normal,36.29,15
2026-04-11,Lower B - Hinge Focus - Adaptation Phase,Dumbbell Step Up,BF6ECE89,0,normal,0,9
2026-04-11,Lower B - Hinge Focus - Adaptation Phase,Dumbbell Step Up,BF6ECE89,1,normal,0,9
2026-04-11,Lower B - Hinge Focus - Adaptation Phase,Dumbbell Step Up,BF6ECE89,2,normal,0,9
2026-04-11,Lower B - Hinge Focus - Adaptation Phase,Standing Calf Raise (Dumbbell),6DA40660,0,normal,9.07,20
2026-04-11,Lower B - Hinge Focus - Adaptation Phase,Standing Calf Raise (Dumbbell),6DA40660,1,normal,9.07,20
2026-04-11,Lower B - Hinge Focus - Adaptation Phase,Standing Calf Raise (Dumbbell),6DA40660,2,normal,9.07,20
2026-04-11,Lower B - Hinge Focus - Adaptation Phase,Sumo Squat (Dumbbell),05293BCA,0,normal,0,8
2026-04-11,Lower B - Hinge Focus - Adaptation Phase,Sumo Squat (Dumbbell),05293BCA,1,normal,0,8
2026-04-10,Upper B - Pull Focus - Adaptation Phase,Chin Up (Weighted),023943F1,0,normal,0,8
2026-04-10,Upper B - Pull Focus - Adaptation Phase,Chin Up (Weighted),023943F1,1,normal,0,8
2026-04-10,Upper B - Pull Focus - Adaptation Phase,Chin Up (Weighted),023943F1,2,normal,0,4
2026-04-10,Upper B - Pull Focus - Adaptation Phase,Incline Bench Press (Dumbbell),07B38369,0,warmup,27.22,6
2026-04-10,Upper B - Pull Focus - Adaptation Phase,Incline Bench Press (Dumbbell),07B38369,1,normal,36.29,10
2026-04-10,Upper B - Pull Focus - Adaptation Phase,Incline Bench Press (Dumbbell),07B38369,2,normal,36.29,10
2026-04-10,Upper B - Pull Focus - Adaptation Phase,Incline Bench Press (Dumbbell),07B38369,3,normal,36.29,8
2026-04-10,Upper B - Pull Focus - Adaptation Phase,Bent Over Row (Barbell),55E6546F,0,warmup,20.41,10
2026-04-10,Upper B - Pull Focus - Adaptation Phase,Bent Over Row (Barbell),55E6546F,1,normal,38.56,12
2026-04-10,Upper B - Pull Focus - Adaptation Phase,Bent Over Row (Barbell),55E6546F,2,normal,38.56,12
2026-04-10,Upper B - Pull Focus - Adaptation Phase,Bent Over Row (Barbell),55E6546F,3,normal,43.09,12
2026-04-10,Upper B - Pull Focus - Adaptation Phase,Face Pull,BE640BA0,0,normal,6.8,20
2026-04-10,Upper B - Pull Focus - Adaptation Phase,Face Pull,BE640BA0,1,normal,6.8,20
2026-04-10,Upper B - Pull Focus - Adaptation Phase,Face Pull,BE640BA0,2,normal,6.8,20
2026-04-10,Upper B - Pull Focus - Adaptation Phase,Overhead Triceps Extension (Cable),B5EFBF9C,0,normal,11.34,15
2026-04-10,Upper B - Pull Focus - Adaptation Phase,Overhead Triceps Extension (Cable),B5EFBF9C,1,normal,11.34,15
2026-04-10,Upper B - Pull Focus - Adaptation Phase,Overhead Triceps Extension (Cable),B5EFBF9C,2,normal,11.34,12
2026-04-10,Upper B - Pull Focus - Adaptation Phase,Bicep Curl (Dumbbell),37FCC2BB,0,normal,18.14,12
2026-04-10,Upper B - Pull Focus - Adaptation Phase,Bicep Curl (Dumbbell),37FCC2BB,1,normal,18.14,12
2026-04-10,Upper B - Pull Focus - Adaptation Phase,Bicep Curl (Dumbbell),37FCC2BB,2,normal,18.14,11
2026-04-08,Lower A - Squat Focus - Adaptation Phase,Goblet Squat,3D0C7C75,0,normal,0,9
2026-04-08,Lower A - Squat Focus - Adaptation Phase,Goblet Squat,3D0C7C75,1,normal,0,9
2026-04-08,Lower A - Squat Focus - Adaptation Phase,Goblet Squat,3D0C7C75,2,normal,0,9
2026-04-08,Lower A - Squat Focus - Adaptation Phase,Romanian Deadlift (Barbell),2B4B7310,0,warmup,20.41,6
2026-04-08,Lower A - Squat Focus - Adaptation Phase,Romanian Deadlift (Barbell),2B4B7310,1,warmup,29.48,4
2026-04-08,Lower A - Squat Focus - Adaptation Phase,Romanian Deadlift (Barbell),2B4B7310,2,normal,34.02,12
2026-04-08,Lower A - Squat Focus - Adaptation Phase,Romanian Deadlift (Barbell),2B4B7310,3,normal,34.02,12
2026-04-08,Lower A - Squat Focus - Adaptation Phase,Romanian Deadlift (Barbell),2B4B7310,4,normal,34.02,12
2026-04-08,Lower A - Squat Focus - Adaptation Phase,Leg Extension (Machine),75A4F6C4,0,normal,34.02,15
2026-04-08,Lower A - Squat Focus - Adaptation Phase,Leg Extension (Machine),75A4F6C4,1,normal,34.02,15
2026-04-08,Lower A - Squat Focus - Adaptation Phase,Leg Extension (Machine),75A4F6C4,2,normal,34.02,15
2026-04-08,Lower A - Squat Focus - Adaptation Phase,Seated Leg Curl (Machine),11A123F3,0,normal,34.02,15
2026-04-08,Lower A - Squat Focus - Adaptation Phase,Seated Leg Curl (Machine),11A123F3,1,normal,34.02,15
2026-04-08,Lower A - Squat Focus - Adaptation Phase,Seated Leg Curl (Machine),11A123F3,2,normal,34.02,15
2026-04-08,Lower A - Squat Focus - Adaptation Phase,Hip Thrust (Machine),68CE0B9B,0,normal,15.88,12
2026-04-08,Lower A - Squat Focus - Adaptation Phase,Hip Thrust (Machine),68CE0B9B,1,normal,15.88,12
2026-04-08,Lower A - Squat Focus - Adaptation Phase,Hip Thrust (Machine),68CE0B9B,2,normal,15.88,12
2026-04-08,Lower A - Squat Focus - Adaptation Phase,Standing Calf Raise (Dumbbell),6DA40660,0,normal,9.07,18
2026-04-08,Lower A - Squat Focus - Adaptation Phase,Standing Calf Raise (Dumbbell),6DA40660,1,normal,9.07,18
2026-04-08,Lower A - Squat Focus - Adaptation Phase,Standing Calf Raise (Dumbbell),6DA40660,2,normal,9.07,18
2026-04-08,Lower A - Squat Focus - Adaptation Phase,Sumo Squat (Dumbbell),05293BCA,0,normal,0,8
2026-04-08,Lower A - Squat Focus - Adaptation Phase,Sumo Squat (Dumbbell),05293BCA,1,normal,0,8
2026-04-07,Upper A - Press Focus - Adaptation Phase,Incline Bench Press (Barbell),50DFDFAB,0,warmup,20.41,7
2026-04-07,Upper A - Press Focus - Adaptation Phase,Incline Bench Press (Barbell),50DFDFAB,1,warmup,29.48,4
2026-04-07,Upper A - Press Focus - Adaptation Phase,Incline Bench Press (Barbell),50DFDFAB,2,normal,36.29,10
2026-04-07,Upper A - Press Focus - Adaptation Phase,Incline Bench Press (Barbell),50DFDFAB,3,normal,36.29,10
2026-04-07,Upper A - Press Focus - Adaptation Phase,Incline Bench Press (Barbell),50DFDFAB,4,normal,36.29,10
2026-04-07,Upper A - Press Focus - Adaptation Phase,Shoulder Press (Dumbbell),878CD1D0,0,normal,18.14,10
2026-04-07,Upper A - Press Focus - Adaptation Phase,Shoulder Press (Dumbbell),878CD1D0,1,normal,18.14,10
2026-04-07,Upper A - Press Focus - Adaptation Phase,Shoulder Press (Dumbbell),878CD1D0,2,normal,18.14,10
2026-04-07,Upper A - Press Focus - Adaptation Phase,Bench Press (Dumbbell),3601968B,0,normal,27.22,12
2026-04-07,Upper A - Press Focus - Adaptation Phase,Bench Press (Dumbbell),3601968B,1,normal,27.22,12
2026-04-07,Upper A - Press Focus - Adaptation Phase,Bench Press (Dumbbell),3601968B,2,normal,27.22,12
2026-04-07,Upper A - Press Focus - Adaptation Phase,Single Arm Lateral Raise (Cable),DE68C825,0,normal,2.27,11
2026-04-07,Upper A - Press Focus - Adaptation Phase,Single Arm Lateral Raise (Cable),DE68C825,1,normal,2.27,14
2026-04-07,Upper A - Press Focus - Adaptation Phase,Single Arm Lateral Raise (Cable),DE68C825,2,normal,2.27,15
2026-04-07,Upper A - Press Focus - Adaptation Phase,Triceps Pushdown,93A552C6,0,normal,13.61,15
2026-04-07,Upper A - Press Focus - Adaptation Phase,Triceps Pushdown,93A552C6,1,normal,13.61,15
2026-04-07,Upper A - Press Focus - Adaptation Phase,Triceps Pushdown,93A552C6,2,normal,13.61,15
2026-04-07,Upper A - Press Focus - Adaptation Phase,Lat Pulldown (Cable),6A6C31A5,0,normal,36.29,10
2026-04-07,Upper A - Press Focus - Adaptation Phase,Lat Pulldown (Cable),6A6C31A5,1,normal,36.29,10
2026-04-07,Upper A - Press Focus - Adaptation Phase,Lat Pulldown (Cable),6A6C31A5,2,normal,36.29,10
2026-04-07,Upper A - Press Focus - Adaptation Phase,Single Arm Cable Row,D0C4A899,0,normal,6.8,10
2026-04-07,Upper A - Press Focus - Adaptation Phase,Single Arm Cable Row,D0C4A899,1,normal,6.8,10
2026-04-07,Upper A - Press Focus - Adaptation Phase,Single Arm Cable Row,D0C4A899,2,normal,6.8,10
2026-04-04,Lower B - Hinge Focus - Adaptation Phase,Romanian Deadlift (Barbell),2B4B7310,0,warmup,40.82,5
2026-04-04,Lower B - Hinge Focus - Adaptation Phase,Romanian Deadlift (Barbell),2B4B7310,1,normal,40.82,8
2026-04-04,Lower B - Hinge Focus - Adaptation Phase,Romanian Deadlift (Barbell),2B4B7310,2,normal,40.82,8
2026-04-04,Lower B - Hinge Focus - Adaptation Phase,Romanian Deadlift (Barbell),2B4B7310,3,normal,40.82,8
2026-04-04,Lower B - Hinge Focus - Adaptation Phase,Bulgarian Split Squat,B5D3A742,0,normal,0,8
2026-04-04,Lower B - Hinge Focus - Adaptation Phase,Bulgarian Split Squat,B5D3A742,1,normal,0,8
2026-04-04,Lower B - Hinge Focus - Adaptation Phase,Bulgarian Split Squat,B5D3A742,2,normal,0,8
2026-04-04,Lower B - Hinge Focus - Adaptation Phase,Leg Extension (Machine),75A4F6C4,0,normal,31.75,15
2026-04-04,Lower B - Hinge Focus - Adaptation Phase,Leg Extension (Machine),75A4F6C4,1,normal,31.75,15
2026-04-04,Lower B - Hinge Focus - Adaptation Phase,Leg Extension (Machine),75A4F6C4,2,normal,31.75,15
2026-04-04,Lower B - Hinge Focus - Adaptation Phase,Seated Leg Curl (Machine),11A123F3,0,normal,31.75,15
2026-04-04,Lower B - Hinge Focus - Adaptation Phase,Seated Leg Curl (Machine),11A123F3,1,normal,31.75,15
2026-04-04,Lower B - Hinge Focus - Adaptation Phase,Seated Leg Curl (Machine),11A123F3,2,normal,31.75,15
2026-04-04,Lower B - Hinge Focus - Adaptation Phase,Dumbbell Step Up,BF6ECE89,0,normal,0,8
2026-04-04,Lower B - Hinge Focus - Adaptation Phase,Dumbbell Step Up,BF6ECE89,1,normal,0,8
2026-04-04,Lower B - Hinge Focus - Adaptation Phase,Dumbbell Step Up,BF6ECE89,2,normal,0,8
2026-04-04,Lower B - Hinge Focus - Adaptation Phase,Standing Calf Raise (Dumbbell),6DA40660,0,normal,6.8,18
2026-04-04,Lower B - Hinge Focus - Adaptation Phase,Standing Calf Raise (Dumbbell),6DA40660,1,normal,6.8,20
2026-04-04,Lower B - Hinge Focus - Adaptation Phase,Standing Calf Raise (Dumbbell),6DA40660,2,normal,6.8,20
2026-04-04,Lower B - Hinge Focus - Adaptation Phase,Sumo Squat (Dumbbell),05293BCA,0,normal,0,7
2026-04-04,Lower B - Hinge Focus - Adaptation Phase,Sumo Squat (Dumbbell),05293BCA,1,normal,0,7
2026-04-03,Upper B - Pull Focus - Adaptation Phase,Chin Up (Weighted),023943F1,0,normal,0,6
2026-04-03,Upper B - Pull Focus - Adaptation Phase,Chin Up (Weighted),023943F1,1,normal,0,6
2026-04-03,Upper B - Pull Focus - Adaptation Phase,Chin Up (Weighted),023943F1,2,normal,0,6
2026-04-03,Upper B - Pull Focus - Adaptation Phase,Incline Bench Press (Dumbbell),07B38369,0,warmup,22.68,6
2026-04-03,Upper B - Pull Focus - Adaptation Phase,Incline Bench Press (Dumbbell),07B38369,1,normal,31.75,12
2026-04-03,Upper B - Pull Focus - Adaptation Phase,Incline Bench Press (Dumbbell),07B38369,2,normal,31.75,12
2026-04-03,Upper B - Pull Focus - Adaptation Phase,Incline Bench Press (Dumbbell),07B38369,3,normal,31.75,12
2026-04-03,Upper B - Pull Focus - Adaptation Phase,Bent Over Row (Barbell),55E6546F,0,warmup,20.41,6
2026-04-03,Upper B - Pull Focus - Adaptation Phase,Bent Over Row (Barbell),55E6546F,1,normal,36.29,12
2026-04-03,Upper B - Pull Focus - Adaptation Phase,Bent Over Row (Barbell),55E6546F,2,normal,36.29,12
2026-04-03,Upper B - Pull Focus - Adaptation Phase,Bent Over Row (Barbell),55E6546F,3,normal,36.29,12
2026-04-03,Upper B - Pull Focus - Adaptation Phase,Face Pull,BE640BA0,0,normal,4.54,20
2026-04-03,Upper B - Pull Focus - Adaptation Phase,Face Pull,BE640BA0,1,normal,4.54,20
2026-04-03,Upper B - Pull Focus - Adaptation Phase,Face Pull,BE640BA0,2,normal,4.54,20
2026-04-03,Upper B - Pull Focus - Adaptation Phase,Overhead Triceps Extension (Cable),B5EFBF9C,0,normal,9.07,15
2026-04-03,Upper B - Pull Focus - Adaptation Phase,Overhead Triceps Extension (Cable),B5EFBF9C,1,normal,9.07,15
2026-04-03,Upper B - Pull Focus - Adaptation Phase,Overhead Triceps Extension (Cable),B5EFBF9C,2,normal,9.07,15
2026-04-03,Upper B - Pull Focus - Adaptation Phase,Bicep Curl (Dumbbell),37FCC2BB,0,normal,13.61,12
2026-04-03,Upper B - Pull Focus - Adaptation Phase,Bicep Curl (Dumbbell),37FCC2BB,1,normal,13.61,12
2026-04-03,Upper B - Pull Focus - Adaptation Phase,Bicep Curl (Dumbbell),37FCC2BB,2,normal,13.61,12
2026-04-01,Lower A - Squat Focus - Adaptation Phase,Goblet Squat,3D0C7C75,0,normal,0,8
2026-04-01,Lower A - Squat Focus - Adaptation Phase,Goblet Squat,3D0C7C75,1,normal,0,8
2026-04-01,Lower A - Squat Focus - Adaptation Phase,Goblet Squat,3D0C7C75,2,normal,0,8
2026-04-01,Lower A - Squat Focus - Adaptation Phase,Romanian Deadlift (Barbell),2B4B7310,0,warmup,31.75,5
2026-04-01,Lower A - Squat Focus - Adaptation Phase,Romanian Deadlift (Barbell),2B4B7310,1,normal,31.75,12
2026-04-01,Lower A - Squat Focus - Adaptation Phase,Romanian Deadlift (Barbell),2B4B7310,2,normal,31.75,12
2026-04-01,Lower A - Squat Focus - Adaptation Phase,Romanian Deadlift (Barbell),2B4B7310,3,normal,31.75,12
2026-04-01,Lower A - Squat Focus - Adaptation Phase,Leg Extension (Machine),75A4F6C4,0,normal,29.48,15
2026-04-01,Lower A - Squat Focus - Adaptation Phase,Leg Extension (Machine),75A4F6C4,1,normal,29.48,15
2026-04-01,Lower A - Squat Focus - Adaptation Phase,Leg Extension (Machine),75A4F6C4,2,normal,29.48,15
2026-04-01,Lower A - Squat Focus - Adaptation Phase,Seated Leg Curl (Machine),11A123F3,0,normal,29.48,15
2026-04-01,Lower A - Squat Focus - Adaptation Phase,Seated Leg Curl (Machine),11A123F3,1,normal,29.48,15
2026-04-01,Lower A - Squat Focus - Adaptation Phase,Seated Leg Curl (Machine),11A123F3,2,normal,29.48,15
2026-04-01,Lower A - Squat Focus - Adaptation Phase,Hip Thrust (Machine),68CE0B9B,0,normal,13.61,12
2026-04-01,Lower A - Squat Focus - Adaptation Phase,Hip Thrust (Machine),68CE0B9B,1,normal,13.61,12
2026-04-01,Lower A - Squat Focus - Adaptation Phase,Hip Thrust (Machine),68CE0B9B,2,normal,13.61,12
2026-04-01,Lower A - Squat Focus - Adaptation Phase,Standing Calf Raise (Dumbbell),6DA40660,0,normal,6.8,17
2026-04-01,Lower A - Squat Focus - Adaptation Phase,Standing Calf Raise (Dumbbell),6DA40660,1,normal,6.8,17
2026-04-01,Lower A - Squat Focus - Adaptation Phase,Standing Calf Raise (Dumbbell),6DA40660,2,normal,6.8,17
2026-04-01,Lower A - Squat Focus - Adaptation Phase,Sumo Squat,3F5F8D40,0,normal,0,6
2026-04-01,Lower A - Squat Focus - Adaptation Phase,Sumo Squat,3F5F8D40,1,normal,0,6
2026-03-31,Upper A - Press Focus - Adaptation Phase,Incline Bench Press (Barbell),50DFDFAB,0,warmup,20.41,5
2026-03-31,Upper A - Press Focus - Adaptation Phase,Incline Bench Press (Barbell),50DFDFAB,1,warmup,29.48,3
2026-03-31,Upper A - Press Focus - Adaptation Phase,Incline Bench Press (Barbell),50DFDFAB,2,normal,34.02,10
2026-03-31,Upper A - Press Focus - Adaptation Phase,Incline Bench Press (Barbell),50DFDFAB,3,normal,34.02,10
2026-03-31,Upper A - Press Focus - Adaptation Phase,Incline Bench Press (Barbell),50DFDFAB,4,normal,34.02,10
2026-03-31,Upper A - Press Focus - Adaptation Phase,Overhead Press (Barbell),7B8D84E8,0,normal,20.41,9
2026-03-31,Upper A - Press Focus - Adaptation Phase,Overhead Press (Barbell),7B8D84E8,1,normal,20.41,8
2026-03-31,Upper A - Press Focus - Adaptation Phase,Overhead Press (Barbell),7B8D84E8,2,normal,20.41,8
2026-03-31,Upper A - Press Focus - Adaptation Phase,Bench Press (Dumbbell),3601968B,0,normal,27.22,12
2026-03-31,Upper A - Press Focus - Adaptation Phase,Bench Press (Dumbbell),3601968B,1,normal,27.22,12
2026-03-31,Upper A - Press Focus - Adaptation Phase,Bench Press (Dumbbell),3601968B,2,normal,27.22,12
2026-03-31,Upper A - Press Focus - Adaptation Phase,Lateral Raise (Dumbbell),422B08F1,0,normal,9.07,11
2026-03-31,Upper A - Press Focus - Adaptation Phase,Lateral Raise (Dumbbell),422B08F1,1,normal,9.07,10
2026-03-31,Upper A - Press Focus - Adaptation Phase,Lateral Raise (Dumbbell),422B08F1,2,normal,9.07,10
2026-03-31,Upper A - Press Focus - Adaptation Phase,Triceps Pushdown,93A552C6,0,normal,11.34,15
2026-03-31,Upper A - Press Focus - Adaptation Phase,Triceps Pushdown,93A552C6,1,normal,11.34,15
2026-03-31,Upper A - Press Focus - Adaptation Phase,Triceps Pushdown,93A552C6,2,normal,11.34,15
2026-03-31,Upper A - Press Focus - Adaptation Phase,Lat Pulldown (Cable),6A6C31A5,0,normal,31.75,12
2026-03-31,Upper A - Press Focus - Adaptation Phase,Lat Pulldown (Cable),6A6C31A5,1,normal,31.75,12
2026-03-31,Upper A - Press Focus - Adaptation Phase,Lat Pulldown (Cable),6A6C31A5,2,normal,31.75,12
2026-03-28,Lower 2,Goblet Squat,3D0C7C75,0,normal,0,7
2026-03-28,Lower 2,Goblet Squat,3D0C7C75,1,normal,0,7
2026-03-28,Lower 2,Goblet Squat,3D0C7C75,2,normal,0,7
2026-03-28,Lower 2,Romanian Deadlift (Dumbbell),72CFFAD5,0,warmup,20.41,5
2026-03-28,Lower 2,Romanian Deadlift (Dumbbell),72CFFAD5,1,warmup,24.95,5
2026-03-28,Lower 2,Romanian Deadlift (Dumbbell),72CFFAD5,2,normal,31.75,12
2026-03-28,Lower 2,Romanian Deadlift (Dumbbell),72CFFAD5,3,normal,31.75,12
2026-03-28,Lower 2,Romanian Deadlift (Dumbbell),72CFFAD5,4,normal,31.75,12
2026-03-28,Lower 2,Leg Extension (Machine),75A4F6C4,0,normal,27.22,15
2026-03-28,Lower 2,Leg Extension (Machine),75A4F6C4,1,normal,27.22,15
2026-03-28,Lower 2,Leg Extension (Machine),75A4F6C4,2,normal,27.22,15
2026-03-28,Lower 2,Seated Leg Curl (Machine),11A123F3,0,normal,27.22,15
2026-03-28,Lower 2,Seated Leg Curl (Machine),11A123F3,1,normal,27.22,15
2026-03-28,Lower 2,Seated Leg Curl (Machine),11A123F3,2,normal,27.22,15
2026-03-28,Lower 2,Standing Calf Raise (Dumbbell),6DA40660,0,normal,6.8,15
2026-03-28,Lower 2,Standing Calf Raise (Dumbbell),6DA40660,1,normal,6.8,15
2026-03-28,Lower 2,Standing Calf Raise (Dumbbell),6DA40660,2,normal,6.8,15
2026-03-28,Lower 2,Kettlebell Around the World,55BA475A,0,normal,15.88,10
2026-03-28,Lower 2,Kettlebell Around the World,55BA475A,1,normal,15.88,10
2026-03-28,Lower 2,Kettlebell Around the World,55BA475A,2,normal,15.88,10
2026-03-27,Upper 2,Incline Bench Press (Dumbbell),07B38369,0,warmup,18.14,6
2026-03-27,Upper 2,Incline Bench Press (Dumbbell),07B38369,1,warmup,22.68,5
2026-03-27,Upper 2,Incline Bench Press (Dumbbell),07B38369,2,normal,27.22,12
2026-03-27,Upper 2,Incline Bench Press (Dumbbell),07B38369,3,normal,27.22,12
2026-03-27,Upper 2,Incline Bench Press (Dumbbell),07B38369,4,normal,27.22,12
2026-03-27,Upper 2,Dumbbell Row,F1E57334,0,warmup,18.14,8
2026-03-27,Upper 2,Dumbbell Row,F1E57334,1,normal,27.22,12
2026-03-27,Upper 2,Dumbbell Row,F1E57334,2,normal,27.22,12
2026-03-27,Upper 2,Dumbbell Row,F1E57334,3,normal,27.22,12
2026-03-27,Upper 2,Overhead Press (Barbell),7B8D84E8,0,normal,20.41,12
2026-03-27,Upper 2,Overhead Press (Barbell),7B8D84E8,1,normal,20.41,8
2026-03-27,Upper 2,Overhead Press (Barbell),7B8D84E8,2,normal,20.41,8
2026-03-27,Upper 2,Lat Pulldown (Cable),6A6C31A5,0,normal,27.22,12
2026-03-27,Upper 2,Lat Pulldown (Cable),6A6C31A5,1,normal,27.22,12
2026-03-27,Upper 2,Lat Pulldown (Cable),6A6C31A5,2,normal,27.22,12
2026-03-27,Upper 2,Single Arm Lateral Raise (Cable),DE68C825,0,normal,2.27,12
2026-03-27,Upper 2,Single Arm Lateral Raise (Cable),DE68C825,1,normal,2.27,12
2026-03-27,Upper 2,Single Arm Lateral Raise (Cable),DE68C825,2,normal,2.27,12
2026-03-27,Upper 2,Seated Palms Up Wrist Curl,1006DF48,0,normal,6.8,15
2026-03-27,Upper 2,Seated Palms Up Wrist Curl,1006DF48,1,normal,6.8,15
2026-03-27,Upper 2,Seated Palms Up Wrist Curl,1006DF48,2,normal,6.8,15
2026-03-25,Lower 1,Goblet Squat,3D0C7C75,0,normal,0,6
2026-03-25,Lower 1,Goblet Squat,3D0C7C75,1,normal,0,6
2026-03-25,Lower 1,Goblet Squat,3D0C7C75,2,normal,0,6
2026-03-25,Lower 1,Romanian Deadlift (Barbell),2B4B7310,0,warmup,20.41,8
2026-03-25,Lower 1,Romanian Deadlift (Barbell),2B4B7310,1,normal,29.48,12
2026-03-25,Lower 1,Romanian Deadlift (Barbell),2B4B7310,2,normal,29.48,12
2026-03-25,Lower 1,Romanian Deadlift (Barbell),2B4B7310,3,normal,29.48,12
2026-03-25,Lower 1,Side Bend (Dumbbell),026FD047,0,normal,22.68,12
2026-03-25,Lower 1,Side Bend (Dumbbell),026FD047,1,normal,22.68,12
2026-03-25,Lower 1,Side Bend (Dumbbell),026FD047,2,normal,22.68,12
2026-03-25,Lower 1,Leg Extension (Machine),75A4F6C4,0,normal,27.22,12
2026-03-25,Lower 1,Leg Extension (Machine),75A4F6C4,1,normal,27.22,15
2026-03-25,Lower 1,Leg Extension (Machine),75A4F6C4,2,normal,27.22,15
2026-03-25,Lower 1,Standing Calf Raise (Dumbbell),6DA40660,0,normal,4.54,15
2026-03-25,Lower 1,Standing Calf Raise (Dumbbell),6DA40660,1,normal,4.54,15
2026-03-25,Lower 1,Standing Calf Raise (Dumbbell),6DA40660,2,normal,4.54,15
2026-03-24,Upper 1,Bent Over Row (Barbell),55E6546F,0,warmup,20.41,5
2026-03-24,Upper 1,Bent Over Row (Barbell),55E6546F,1,warmup,29.48,6
2026-03-24,Upper 1,Bent Over Row (Barbell),55E6546F,2,normal,34.02,12
2026-03-24,Upper 1,Bent Over Row (Barbell),55E6546F,3,normal,34.02,12
2026-03-24,Upper 1,Bent Over Row (Barbell),55E6546F,4,normal,34.02,12
2026-03-24,Upper 1,Shoulder Press (Dumbbell),878CD1D0,0,warmup,13.61,8
2026-03-24,Upper 1,Shoulder Press (Dumbbell),878CD1D0,1,normal,18.14,8
2026-03-24,Upper 1,Shoulder Press (Dumbbell),878CD1D0,2,normal,18.14,8
2026-03-24,Upper 1,Shoulder Press (Dumbbell),878CD1D0,3,normal,18.14,8
2026-03-24,Upper 1,Triceps Pushdown,93A552C6,0,normal,9.07,15
2026-03-24,Upper 1,Triceps Pushdown,93A552C6,1,normal,9.07,15
2026-03-24,Upper 1,Triceps Pushdown,93A552C6,2,normal,9.07,15
2026-03-24,Upper 1,Bicep Curl (Dumbbell),37FCC2BB,0,normal,11.34,12
2026-03-24,Upper 1,Bicep Curl (Dumbbell),37FCC2BB,1,normal,11.34,15
2026-03-24,Upper 1,Bicep Curl (Dumbbell),37FCC2BB,2,normal,11.34,15
2026-02-21,Afternoon workout 💪,Chin Up (Weighted),023943F1,0,normal,5.44,5
2026-02-21,Afternoon workout 💪,Chin Up (Weighted),023943F1,1,normal,0,7
2026-02-21,Afternoon workout 💪,Chin Up (Weighted),023943F1,2,failure,0,6
2026-02-21,Afternoon workout 💪,Triceps Pushdown,93A552C6,0,normal,14.97,8
2026-02-21,Afternoon workout 💪,Triceps Pushdown,93A552C6,1,normal,11.34,10
2026-02-21,Afternoon workout 💪,Triceps Pushdown,93A552C6,2,failure,11.34,10
2026-02-21,Afternoon workout 💪,Decline Push Up,C43825EA,0,normal,0,10
2026-02-21,Afternoon workout 💪,Decline Push Up,C43825EA,1,normal,0,10
2026-02-19,Morning workout ☀️,Triceps Pushdown,93A552C6,0,normal,11.34,10
2026-02-19,Morning workout ☀️,Triceps Pushdown,93A552C6,1,normal,11.34,10
2026-02-19,Morning workout ☀️,Triceps Pushdown,93A552C6,2,failure,11.34,15
2026-02-19,Morning workout ☀️,Pull Up,1B2B1E7C,0,normal,0,6
2026-02-19,Morning workout ☀️,Pull Up,1B2B1E7C,1,normal,0,6
2026-02-19,Morning workout ☀️,Pull Up,1B2B1E7C,2,failure,0,7
2026-02-19,Morning workout ☀️,Lateral Raise (Cable),BE289E45,0,normal,3.4,10
2026-02-19,Morning workout ☀️,Lateral Raise (Cable),BE289E45,1,normal,3.4,10
2026-02-19,Morning workout ☀️,Lateral Raise (Cable),BE289E45,2,normal,3.4,10
2026-02-19,Morning workout ☀️,Chest Press (Machine),7EB3F7C3,0,warmup,15.88,5
2026-02-19,Morning workout ☀️,Chest Press (Machine),7EB3F7C3,1,normal,29.94,8
2026-02-19,Morning workout ☀️,Chest Press (Machine),7EB3F7C3,2,normal,34.93,8
2026-02-19,Morning workout ☀️,Chest Press (Machine),7EB3F7C3,3,normal,34.93,8
2026-02-19,Morning workout ☀️,Dumbbell Row,F1E57334,0,normal,19.96,8
2026-02-19,Morning workout ☀️,Dumbbell Row,F1E57334,1,normal,19.96,8
2026-02-19,Morning workout ☀️,Dumbbell Row,F1E57334,2,normal,19.96,12
2026-02-08,Lower (A),Front Squat,5046D0A9,0,warmup,0,5
2026-02-08,Lower (A),Front Squat,5046D0A9,1,normal,13.61,7
2026-02-08,Lower (A),Front Squat,5046D0A9,2,normal,13.61,7
2026-02-08,Lower (A),Front Squat,5046D0A9,3,normal,13.61,7
2026-02-08,Lower (A),Front Squat,5046D0A9,4,normal,13.61,7
2026-02-08,Lower (A),Romanian Deadlift (Barbell),2B4B7310,0,warmup,20.41,6
2026-02-08,Lower (A),Romanian Deadlift (Barbell),2B4B7310,1,warmup,29.48,6
2026-02-08,Lower (A),Romanian Deadlift (Barbell),2B4B7310,2,normal,43.09,8
2026-02-08,Lower (A),Romanian Deadlift (Barbell),2B4B7310,3,normal,43.09,8
2026-02-08,Lower (A),Romanian Deadlift (Barbell),2B4B7310,4,normal,43.09,8
2026-02-08,Lower (A),Romanian Deadlift (Barbell),2B4B7310,5,normal,43.09,8
2026-02-08,Lower (A),Leg Extension (Machine),75A4F6C4,0,normal,36.29,12
2026-02-08,Lower (A),Leg Extension (Machine),75A4F6C4,1,normal,36.29,12
2026-02-08,Lower (A),Leg Extension (Machine),75A4F6C4,2,normal,36.29,12
2026-02-08,Lower (A),Seated Leg Curl (Machine),11A123F3,0,normal,36.29,12
2026-02-08,Lower (A),Seated Leg Curl (Machine),11A123F3,1,normal,36.29,12
2026-02-08,Lower (A),Seated Leg Curl (Machine),11A123F3,2,normal,36.29,12
2026-02-01,Afternoon workout 💪,Leg Extension (Machine),75A4F6C4,0,warmup,18.14,8
2026-02-01,Afternoon workout 💪,Leg Extension (Machine),75A4F6C4,1,normal,0,12
2026-02-01,Afternoon workout 💪,Leg Extension (Machine),75A4F6C4,2,normal,0,12
2026-02-01,Afternoon workout 💪,Leg Extension (Machine),75A4F6C4,3,normal,0,12
2026-02-01,Afternoon workout 💪,Seated Leg Curl (Machine),11A123F3,0,warmup,18.14,8
2026-02-01,Afternoon workout 💪,Seated Leg Curl (Machine),11A123F3,1,normal,22.68,12
2026-02-01,Afternoon workout 💪,Seated Leg Curl (Machine),11A123F3,2,normal,22.68,12
2026-02-01,Afternoon workout 💪,Seated Leg Curl (Machine),11A123F3,3,normal,22.68,12
2026-02-01,Afternoon workout 💪,Assisted Pistol Squats,5BFF35BA,0,normal,0,7
2026-02-01,Afternoon workout 💪,Assisted Pistol Squats,5BFF35BA,1,normal,0,7
2026-02-01,Afternoon workout 💪,Assisted Pistol Squats,5BFF35BA,2,normal,0,7
2026-02-01,Afternoon workout 💪,Standing Calf Raise (Dumbbell),6DA40660,0,normal,0,12
2026-02-01,Afternoon workout 💪,Standing Calf Raise (Dumbbell),6DA40660,1,normal,0,12
2026-02-01,Afternoon workout 💪,Standing Calf Raise (Dumbbell),6DA40660,2,normal,0,12
2026-01-30,Afternoon workout 💪,Lateral Raise (Cable),BE289E45,0,normal,3.4,8
2026-01-30,Afternoon workout 💪,Lateral Raise (Cable),BE289E45,1,normal,3.4,8
2026-01-30,Afternoon workout 💪,Bicep Curl (Cable),ADA8623C,0,normal,13.61,10
2026-01-30,Afternoon workout 💪,Bicep Curl (Cable),ADA8623C,1,normal,13.61,10
2026-01-30,Afternoon workout 💪,Triceps Pushdown,93A552C6,0,normal,13.61,12
2026-01-30,Afternoon workout 💪,Triceps Pushdown,93A552C6,1,normal,15.88,12
2026-01-30,Afternoon workout 💪,Face Pull,BE640BA0,0,normal,6.8,15
2026-01-30,Afternoon workout 💪,Face Pull,BE640BA0,1,normal,6.8,15
2026-01-28,Afternoon workout 💪,Leg Extension (Machine),75A4F6C4,0,warmup,18.14,7
2026-01-28,Afternoon workout 💪,Leg Extension (Machine),75A4F6C4,1,normal,27.22,12
2026-01-28,Afternoon workout 💪,Leg Extension (Machine),75A4F6C4,2,normal,22.68,12
2026-01-28,Afternoon workout 💪,Leg Extension (Machine),75A4F6C4,3,normal,22.68,12
2026-01-28,Afternoon workout 💪,Seated Leg Curl (Machine),11A123F3,0,warmup,18.14,8
2026-01-28,Afternoon workout 💪,Seated Leg Curl (Machine),11A123F3,1,normal,24.95,12
2026-01-28,Afternoon workout 💪,Seated Leg Curl (Machine),11A123F3,2,normal,20.41,12
2026-01-28,Afternoon workout 💪,Seated Leg Curl (Machine),11A123F3,3,normal,20.41,12
2026-01-28,Afternoon workout 💪,Assisted Pistol Squats,5BFF35BA,0,normal,0,5
2026-01-28,Afternoon workout 💪,Assisted Pistol Squats,5BFF35BA,1,normal,0,5
2026-01-28,Afternoon workout 💪,Assisted Pistol Squats,5BFF35BA,2,normal,0,8
2026-01-28,Afternoon workout 💪,Standing Calf Raise (Dumbbell),6DA40660,0,normal,18.14,12
2026-01-28,Afternoon workout 💪,Standing Calf Raise (Dumbbell),6DA40660,1,normal,18.14,12
2026-01-28,Afternoon workout 💪,Standing Calf Raise (Dumbbell),6DA40660,2,normal,18.14,12
2026-01-27,Afternoon workout 💪,Bench Press (Dumbbell),3601968B,0,warmup,18.14,6
2026-01-27,Afternoon workout 💪,Bench Press (Dumbbell),3601968B,1,normal,36.29,10
2026-01-27,Afternoon workout 💪,Bench Press (Dumbbell),3601968B,2,normal,36.29,10
2026-01-27,Afternoon workout 💪,Bench Press (Dumbbell),3601968B,3,normal,36.29,10
2026-01-27,Afternoon workout 💪,Dumbbell Row,F1E57334,0,normal,27.22,10
2026-01-27,Afternoon workout 💪,Dumbbell Row,F1E57334,1,normal,22.68,10
2026-01-27,Afternoon workout 💪,Dumbbell Row,F1E57334,2,normal,22.68,10
2026-01-27,Afternoon workout 💪,Lateral Raise (Dumbbell),422B08F1,0,normal,6.8,12
2026-01-27,Afternoon workout 💪,Bicep Curl (Dumbbell),37FCC2BB,0,normal,13.61,10
2026-01-27,Afternoon workout 💪,Bicep Curl (Dumbbell),37FCC2BB,1,normal,13.61,10
2026-01-27,Afternoon workout 💪,Bicep Curl (Dumbbell),37FCC2BB,2,normal,13.61,10
2026-01-25,Lower (A),Front Squat,5046D0A9,0,warmup,0,7
2026-01-25,Lower (A),Front Squat,5046D0A9,1,normal,20.41,6
2026-01-25,Lower (A),Front Squat,5046D0A9,2,normal,20.41,6
2026-01-25,Lower (A),Front Squat,5046D0A9,3,normal,20.41,6
2026-01-25,Lower (A),Front Squat,5046D0A9,4,normal,20.41,6
2026-01-25,Lower (A),Romanian Deadlift (Barbell),2B4B7310,0,warmup,20.41,6
2026-01-25,Lower (A),Romanian Deadlift (Barbell),2B4B7310,1,warmup,29.48,6
2026-01-25,Lower (A),Romanian Deadlift (Barbell),2B4B7310,2,warmup,43.09,4
2026-01-25,Lower (A),Romanian Deadlift (Barbell),2B4B7310,3,normal,52.16,8
2026-01-25,Lower (A),Romanian Deadlift (Barbell),2B4B7310,4,normal,52.16,8
2026-01-25,Lower (A),Romanian Deadlift (Barbell),2B4B7310,5,normal,52.16,8
2026-01-25,Lower (A),Romanian Deadlift (Barbell),2B4B7310,6,normal,52.16,8
2026-01-25,Lower (A),Leg Extension (Machine),75A4F6C4,0,warmup,16.9,6
2026-01-25,Lower (A),Leg Extension (Machine),75A4F6C4,1,normal,34.02,6
2026-01-25,Lower (A),Leg Extension (Machine),75A4F6C4,2,normal,29.48,11
2026-01-25,Lower (A),Leg Extension (Machine),75A4F6C4,3,normal,27.22,12
2026-01-25,Lower (A),Seated Leg Curl (Machine),11A123F3,0,warmup,15.88,6
2026-01-25,Lower (A),Seated Leg Curl (Machine),11A123F3,1,normal,31.75,6
2026-01-25,Lower (A),Seated Leg Curl (Machine),11A123F3,2,normal,29.48,11
2026-01-25,Lower (A),Seated Leg Curl (Machine),11A123F3,3,normal,27.22,12
2026-01-25,Lower (A),Standing Calf Raise (Dumbbell),6DA40660,0,normal,22.68,12
2026-01-25,Lower (A),Standing Calf Raise (Dumbbell),6DA40660,1,normal,22.68,12
2026-01-25,Lower (A),Standing Calf Raise (Dumbbell),6DA40660,2,normal,22.68,12
2026-01-24,Upper (A),Incline Bench Press (Barbell),50DFDFAB,0,warmup,20.41,7
2026-01-24,Upper (A),Incline Bench Press (Barbell),50DFDFAB,1,warmup,29.48,7
2026-01-24,Upper (A),Incline Bench Press (Barbell),50DFDFAB,2,normal,47.63,7
2026-01-24,Upper (A),Incline Bench Press (Barbell),50DFDFAB,3,normal,47.63,7
2026-01-24,Upper (A),Incline Bench Press (Barbell),50DFDFAB,4,normal,47.63,7
2026-01-24,Upper (A),Incline Bench Press (Barbell),50DFDFAB,5,failure,47.63,7
2026-01-24,Upper (A),Chin Up (Weighted),023943F1,0,warmup,0,4
2026-01-24,Upper (A),Chin Up (Weighted),023943F1,1,normal,13.61,4
2026-01-24,Upper (A),Chin Up (Weighted),023943F1,2,normal,13.61,3
2026-01-24,Upper (A),Chin Up (Weighted),023943F1,3,normal,13.61,3
2026-01-24,Upper (A),Chin Up (Weighted),023943F1,4,failure,13.61,3
2026-01-24,Upper (A),Seated Cable Row - V Grip (Cable),0393F233,0,warmup,27.22,5
2026-01-24,Upper (A),Seated Cable Row - V Grip (Cable),0393F233,1,normal,49.9,10
2026-01-24,Upper (A),Seated Cable Row - V Grip (Cable),0393F233,2,normal,49.9,10
2026-01-24,Upper (A),Seated Cable Row - V Grip (Cable),0393F233,3,normal,49.9,8
2026-01-24,Upper (A),Lateral Raise (Dumbbell),422B08F1,0,normal,13.61,7
2026-01-24,Upper (A),Lateral Raise (Dumbbell),422B08F1,1,normal,13.61,7
2026-01-24,Upper (A),Lateral Raise (Dumbbell),422B08F1,2,normal,13.61,7
2026-01-24,Upper (A),Overhead Triceps Extension (Cable),B5EFBF9C,0,normal,13.61,12
2026-01-24,Upper (A),Overhead Triceps Extension (Cable),B5EFBF9C,1,normal,13.61,12
2026-01-24,Upper (A),Overhead Triceps Extension (Cable),B5EFBF9C,2,normal,1.36,12
2026-01-24,Upper (A),Bicep Curl (Cable),ADA8623C,0,normal,18.14,10
2026-01-24,Upper (A),Bicep Curl (Cable),ADA8623C,1,normal,18.14,10
2026-01-24,Upper (A),Bicep Curl (Cable),ADA8623C,2,normal,18.14,8
2026-01-21,Lower (B),Romanian Deadlift (Barbell),2B4B7310,0,warmup,22.68,8
2026-01-21,Lower (B),Romanian Deadlift (Barbell),2B4B7310,1,normal,45.36,11
2026-01-21,Lower (B),Romanian Deadlift (Barbell),2B4B7310,2,normal,45.36,11
2026-01-21,Lower (B),Romanian Deadlift (Barbell),2B4B7310,3,normal,45.36,11
2026-01-21,Lower (B),Romanian Deadlift (Barbell),2B4B7310,4,normal,45.36,11
2026-01-21,Lower (B),Front Squat,5046D0A9,0,warmup,0,8
2026-01-21,Lower (B),Front Squat,5046D0A9,1,normal,15.88,8
2026-01-21,Lower (B),Front Squat,5046D0A9,2,normal,15.88,8
2026-01-21,Lower (B),Front Squat,5046D0A9,3,normal,15.88,8
2026-01-21,Lower (B),Front Squat,5046D0A9,4,normal,15.88,8
2026-01-21,Lower (B),Seated Leg Curl (Machine),11A123F3,0,warmup,13.61,7
2026-01-21,Lower (B),Seated Leg Curl (Machine),11A123F3,1,normal,29.48,9
2026-01-21,Lower (B),Seated Leg Curl (Machine),11A123F3,2,normal,29.48,9
2026-01-21,Lower (B),Seated Leg Curl (Machine),11A123F3,3,normal,29.48,9
2026-01-21,Lower (B),Leg Extension (Machine),75A4F6C4,0,warmup,15.88,8
2026-01-21,Lower (B),Leg Extension (Machine),75A4F6C4,1,normal,31.75,9
2026-01-21,Lower (B),Leg Extension (Machine),75A4F6C4,2,normal,31.75,9
2026-01-21,Lower (B),Leg Extension (Machine),75A4F6C4,3,normal,31.75,9
2026-01-21,Lower (B),Standing Calf Raise (Dumbbell),6DA40660,0,normal,22.68,12
2026-01-21,Lower (B),Standing Calf Raise (Dumbbell),6DA40660,1,normal,22.68,12
2026-01-21,Lower (B),Standing Calf Raise (Dumbbell),6DA40660,2,normal,22.68,12
2026-01-21,Lower (B),Weighted Dead Hang,2f7c6b07-0c40-4ec0-9c0b-9e9491629a93,0,normal,2.27,0
2026-01-21,Lower (B),Weighted Dead Hang,2f7c6b07-0c40-4ec0-9c0b-9e9491629a93,1,normal,2.27,0
2026-01-21,Lower (B),Weighted Dead Hang,2f7c6b07-0c40-4ec0-9c0b-9e9491629a93,2,normal,2.27,0
2026-01-20,Upper (B),Chin Up (Weighted),023943F1,0,warmup,0,4
2026-01-20,Upper (B),Chin Up (Weighted),023943F1,1,normal,13.61,4
2026-01-20,Upper (B),Chin Up (Weighted),023943F1,2,normal,13.61,3
2026-01-20,Upper (B),Chin Up (Weighted),023943F1,3,normal,13.61,3
2026-01-20,Upper (B),Chin Up (Weighted),023943F1,4,failure,13.61,3
2026-01-20,Upper (B),Incline Bench Press (Barbell),50DFDFAB,0,warmup,20.41,7
2026-01-20,Upper (B),Incline Bench Press (Barbell),50DFDFAB,1,warmup,29.48,6
2026-01-20,Upper (B),Incline Bench Press (Barbell),50DFDFAB,2,normal,47.63,7
2026-01-20,Upper (B),Incline Bench Press (Barbell),50DFDFAB,3,normal,47.63,7
2026-01-20,Upper (B),Incline Bench Press (Barbell),50DFDFAB,4,normal,47.63,6
2026-01-20,Upper (B),Incline Bench Press (Barbell),50DFDFAB,5,failure,47.63,5
2026-01-20,Upper (B),Seated Cable Row - V Grip (Cable),0393F233,0,warmup,22.68,5
2026-01-20,Upper (B),Seated Cable Row - V Grip (Cable),0393F233,1,normal,45.36,10
2026-01-20,Upper (B),Seated Cable Row - V Grip (Cable),0393F233,2,normal,45.36,10
2026-01-20,Upper (B),Seated Cable Row - V Grip (Cable),0393F233,3,normal,45.36,10
2026-01-20,Upper (B),Hammer Curl (Dumbbell),7E3BC8B6,0,normal,22.68,10
2026-01-20,Upper (B),Hammer Curl (Dumbbell),7E3BC8B6,1,normal,22.68,8
2026-01-20,Upper (B),Hammer Curl (Dumbbell),7E3BC8B6,2,normal,22.68,6
2026-01-20,Upper (B),Overhead Triceps Extension (Cable),B5EFBF9C,0,normal,13.61,10
2026-01-20,Upper (B),Overhead Triceps Extension (Cable),B5EFBF9C,1,normal,13.61,10
2026-01-20,Upper (B),Overhead Triceps Extension (Cable),B5EFBF9C,2,normal,13.61,10
2026-01-20,Upper (B),Lateral Raise (Dumbbell),422B08F1,0,normal,9.07,10
2026-01-20,Upper (B),Lateral Raise (Dumbbell),422B08F1,1,normal,9.07,10
2026-01-20,Upper (B),Lateral Raise (Dumbbell),422B08F1,2,normal,9.07,10
2026-01-18,Lower (A),Front Squat,5046D0A9,0,warmup,0,7
2026-01-18,Lower (A),Front Squat,5046D0A9,1,normal,13.61,8
2026-01-18,Lower (A),Front Squat,5046D0A9,2,normal,13.61,8
2026-01-18,Lower (A),Front Squat,5046D0A9,3,normal,13.61,8
2026-01-18,Lower (A),Front Squat,5046D0A9,4,normal,13.61,8
2026-01-18,Lower (A),Romanian Deadlift (Barbell),2B4B7310,0,warmup,20.41,6
2026-01-18,Lower (A),Romanian Deadlift (Barbell),2B4B7310,1,normal,52.16,6
2026-01-18,Lower (A),Romanian Deadlift (Barbell),2B4B7310,2,normal,52.16,6
2026-01-18,Lower (A),Romanian Deadlift (Barbell),2B4B7310,3,normal,52.16,6
2026-01-18,Lower (A),Romanian Deadlift (Barbell),2B4B7310,4,normal,52.16,6
2026-01-18,Lower (A),Leg Extension (Machine),75A4F6C4,0,warmup,15.88,7
2026-01-18,Lower (A),Leg Extension (Machine),75A4F6C4,1,normal,31.75,8
2026-01-18,Lower (A),Leg Extension (Machine),75A4F6C4,2,normal,31.75,8
2026-01-18,Lower (A),Leg Extension (Machine),75A4F6C4,3,normal,31.75,8
2026-01-18,Lower (A),Seated Leg Curl (Machine),11A123F3,0,warmup,13.61,7
2026-01-18,Lower (A),Seated Leg Curl (Machine),11A123F3,1,normal,29.48,8
2026-01-18,Lower (A),Seated Leg Curl (Machine),11A123F3,2,normal,29.48,8
2026-01-18,Lower (A),Seated Leg Curl (Machine),11A123F3,3,normal,29.48,8
2026-01-18,Lower (A),Standing Calf Raise (Dumbbell),6DA40660,0,normal,22.68,10
2026-01-18,Lower (A),Standing Calf Raise (Dumbbell),6DA40660,1,normal,22.68,12
2026-01-18,Lower (A),Standing Calf Raise (Dumbbell),6DA40660,2,normal,22.68,12
2026-01-17,Upper (A),Incline Bench Press (Barbell),50DFDFAB,0,warmup,20.41,7
2026-01-17,Upper (A),Incline Bench Press (Barbell),50DFDFAB,1,warmup,29.48,6
2026-01-17,Upper (A),Incline Bench Press (Barbell),50DFDFAB,2,normal,43.09,8
2026-01-17,Upper (A),Incline Bench Press (Barbell),50DFDFAB,3,normal,43.09,8
2026-01-17,Upper (A),Incline Bench Press (Barbell),50DFDFAB,4,normal,43.09,8
2026-01-17,Upper (A),Incline Bench Press (Barbell),50DFDFAB,5,failure,43.09,7
2026-01-17,Upper (A),Chin Up (Weighted),023943F1,0,warmup,0,4
2026-01-17,Upper (A),Chin Up (Weighted),023943F1,1,normal,13.61,3
2026-01-17,Upper (A),Chin Up (Weighted),023943F1,2,normal,13.61,3
2026-01-17,Upper (A),Chin Up (Weighted),023943F1,3,normal,13.61,3
2026-01-17,Upper (A),Chin Up (Weighted),023943F1,4,failure,13.61,3
2026-01-17,Upper (A),Seated Cable Row - V Grip (Cable),0393F233,0,normal,40.82,10
2026-01-17,Upper (A),Seated Cable Row - V Grip (Cable),0393F233,1,normal,40.82,10
2026-01-17,Upper (A),Seated Cable Row - V Grip (Cable),0393F233,2,normal,40.82,10
2026-01-17,Upper (A),Lateral Raise (Cable),BE289E45,0,normal,4.54,7
2026-01-17,Upper (A),Lateral Raise (Cable),BE289E45,1,normal,4.54,7
2026-01-17,Upper (A),Lateral Raise (Cable),BE289E45,2,normal,4.54,7
2026-01-17,Upper (A),Overhead Triceps Extension (Cable),B5EFBF9C,0,normal,15.88,10
2026-01-17,Upper (A),Overhead Triceps Extension (Cable),B5EFBF9C,1,normal,15.88,10
2026-01-17,Upper (A),Overhead Triceps Extension (Cable),B5EFBF9C,2,normal,22.68,9
2026-01-17,Upper (A),Bicep Curl (Cable),ADA8623C,0,normal,15.88,10
2026-01-17,Upper (A),Bicep Curl (Cable),ADA8623C,1,normal,15.88,10
2026-01-17,Upper (A),Bicep Curl (Cable),ADA8623C,2,normal,15.88,9
2026-01-17,Upper (A),Hollow Body Rocks,1801bad7-e713-4a54-8b8b-f0006dd28d64,0,normal,4.54,25
2026-01-17,Upper (A),Hollow Body Rocks,1801bad7-e713-4a54-8b8b-f0006dd28d64,1,normal,4.54,25
2026-01-17,Upper (A),Hollow Body Rocks,1801bad7-e713-4a54-8b8b-f0006dd28d64,2,normal,4.54,15
2026-01-14,Lower (B),Romanian Deadlift (Barbell),2B4B7310,0,warmup,20.41,6
2026-01-14,Lower (B),Romanian Deadlift (Barbell),2B4B7310,1,warmup,29.48,3
2026-01-14,Lower (B),Romanian Deadlift (Barbell),2B4B7310,2,normal,47.63,8
2026-01-14,Lower (B),Romanian Deadlift (Barbell),2B4B7310,3,normal,47.63,8
2026-01-14,Lower (B),Romanian Deadlift (Barbell),2B4B7310,4,normal,47.63,8
2026-01-14,Lower (B),Romanian Deadlift (Barbell),2B4B7310,5,normal,47.63,8
2026-01-14,Lower (B),Front Squat,5046D0A9,0,warmup,0,7
2026-01-14,Lower (B),Front Squat,5046D0A9,1,normal,11.34,8
2026-01-14,Lower (B),Front Squat,5046D0A9,2,normal,11.34,8
2026-01-14,Lower (B),Front Squat,5046D0A9,3,normal,11.34,8
2026-01-14,Lower (B),Front Squat,5046D0A9,4,normal,11.34,8
2026-01-14,Lower (B),Seated Leg Curl (Machine),11A123F3,0,normal,27.22,10
2026-01-14,Lower (B),Seated Leg Curl (Machine),11A123F3,1,normal,27.22,10
2026-01-14,Lower (B),Seated Leg Curl (Machine),11A123F3,2,normal,27.22,10
2026-01-14,Lower (B),Leg Extension (Machine),75A4F6C4,0,normal,29.48,10
2026-01-14,Lower (B),Leg Extension (Machine),75A4F6C4,1,normal,29.48,10
2026-01-14,Lower (B),Leg Extension (Machine),75A4F6C4,2,normal,29.48,10
2026-01-14,Lower (B),Standing Calf Raise (Dumbbell),6DA40660,0,normal,20.41,12
2026-01-14,Lower (B),Standing Calf Raise (Dumbbell),6DA40660,1,normal,20.41,12
2026-01-14,Lower (B),Standing Calf Raise (Dumbbell),6DA40660,2,normal,20.41,12
2026-01-14,Lower (B),Weighted Dead Hang,2f7c6b07-0c40-4ec0-9c0b-9e9491629a93,0,normal,2.27,0
2026-01-14,Lower (B),Weighted Dead Hang,2f7c6b07-0c40-4ec0-9c0b-9e9491629a93,1,normal,2.27,0
2026-01-14,Lower (B),Weighted Dead Hang,2f7c6b07-0c40-4ec0-9c0b-9e9491629a93,2,normal,2.27,0
2026-01-13,Upper (B),Chin Up (Weighted),023943F1,0,warmup,0,4
2026-01-13,Upper (B),Chin Up (Weighted),023943F1,1,normal,11.34,4
2026-01-13,Upper (B),Chin Up (Weighted),023943F1,2,normal,11.34,4
2026-01-13,Upper (B),Chin Up (Weighted),023943F1,3,normal,11.34,4
2026-01-13,Upper (B),Chin Up (Weighted),023943F1,4,failure,11.34,3
2026-01-13,Upper (B),Incline Bench Press (Barbell),50DFDFAB,0,warmup,20.41,6
2026-01-13,Upper (B),Incline Bench Press (Barbell),50DFDFAB,1,warmup,29.48,7
2026-01-13,Upper (B),Incline Bench Press (Barbell),50DFDFAB,2,normal,43.09,8
2026-01-13,Upper (B),Incline Bench Press (Barbell),50DFDFAB,3,normal,43.09,8
2026-01-13,Upper (B),Incline Bench Press (Barbell),50DFDFAB,4,normal,43.09,6
2026-01-13,Upper (B),Incline Bench Press (Barbell),50DFDFAB,5,failure,43.09,6
2026-01-13,Upper (B),Seated Cable Row - V Grip (Cable),0393F233,0,normal,36.29,10
2026-01-13,Upper (B),Seated Cable Row - V Grip (Cable),0393F233,1,normal,36.29,10
2026-01-13,Upper (B),Seated Cable Row - V Grip (Cable),0393F233,2,normal,36.29,10
2026-01-13,Upper (B),Hammer Curl (Cable),36E8F14E,0,normal,18.14,8
2026-01-13,Upper (B),Hammer Curl (Cable),36E8F14E,1,normal,18.14,8
2026-01-13,Upper (B),Hammer Curl (Cable),36E8F14E,2,normal,13.61,10
2026-01-13,Upper (B),Triceps Pushdown,93A552C6,0,normal,24.95,10
2026-01-13,Upper (B),Triceps Pushdown,93A552C6,1,normal,24.95,7
2026-01-13,Upper (B),Triceps Pushdown,93A552C6,2,normal,24.95,5
2026-01-13,Upper (B),Lateral Raise (Cable),BE289E45,0,normal,4.54,9
2026-01-13,Upper (B),Lateral Raise (Cable),BE289E45,1,normal,4.54,9
2026-01-13,Upper (B),Lateral Raise (Cable),BE289E45,2,normal,4.54,9
2026-01-11,Lower (A),Front Squat,5046D0A9,0,warmup,0,5
2026-01-11,Lower (A),Front Squat,5046D0A9,1,normal,9.07,8
2026-01-11,Lower (A),Front Squat,5046D0A9,2,normal,9.07,8
2026-01-11,Lower (A),Front Squat,5046D0A9,3,normal,9.07,8
2026-01-11,Lower (A),Front Squat,5046D0A9,4,normal,9.07,8
2026-01-11,Lower (A),Romanian Deadlift (Barbell),2B4B7310,0,warmup,22.68,7
2026-01-11,Lower (A),Romanian Deadlift (Barbell),2B4B7310,1,normal,45.36,8
2026-01-11,Lower (A),Romanian Deadlift (Barbell),2B4B7310,2,normal,45.36,9
2026-01-11,Lower (A),Romanian Deadlift (Barbell),2B4B7310,3,normal,45.36,9
2026-01-11,Lower (A),Romanian Deadlift (Barbell),2B4B7310,4,normal,45.36,9
2026-01-11,Lower (A),Leg Extension (Machine),75A4F6C4,0,normal,29.48,9
2026-01-11,Lower (A),Leg Extension (Machine),75A4F6C4,1,normal,29.48,9
2026-01-11,Lower (A),Leg Extension (Machine),75A4F6C4,2,normal,29.48,9
2026-01-11,Lower (A),Seated Leg Curl (Machine),11A123F3,0,normal,24.95,10
2026-01-11,Lower (A),Seated Leg Curl (Machine),11A123F3,1,normal,24.95,10
2026-01-11,Lower (A),Seated Leg Curl (Machine),11A123F3,2,normal,24.95,10
2026-01-11,Lower (A),Standing Calf Raise (Dumbbell),6DA40660,0,normal,18.14,12
2026-01-11,Lower (A),Standing Calf Raise (Dumbbell),6DA40660,1,normal,18.14,12
2026-01-11,Lower (A),Standing Calf Raise (Dumbbell),6DA40660,2,normal,18.14,12
2026-01-10,Upper (A),Incline Bench Press (Barbell),50DFDFAB,0,warmup,20.41,5
2026-01-10,Upper (A),Incline Bench Press (Barbell),50DFDFAB,1,warmup,29.48,6
2026-01-10,Upper (A),Incline Bench Press (Barbell),50DFDFAB,2,normal,38.56,8
2026-01-10,Upper (A),Incline Bench Press (Barbell),50DFDFAB,3,normal,38.56,8
2026-01-10,Upper (A),Incline Bench Press (Barbell),50DFDFAB,4,normal,38.56,8
2026-01-10,Upper (A),Incline Bench Press (Barbell),50DFDFAB,5,failure,38.56,10
2026-01-10,Upper (A),Chin Up (Weighted),023943F1,0,warmup,0,3
2026-01-10,Upper (A),Chin Up (Weighted),023943F1,1,normal,11.34,4
2026-01-10,Upper (A),Chin Up (Weighted),023943F1,2,normal,11.34,3
2026-01-10,Upper (A),Chin Up (Weighted),023943F1,3,normal,11.34,3
2026-01-10,Upper (A),Chin Up (Weighted),023943F1,4,failure,11.34,3
2026-01-10,Upper (A),Seated Cable Row - V Grip (Cable),0393F233,0,normal,27.22,10
2026-01-10,Upper (A),Seated Cable Row - V Grip (Cable),0393F233,1,normal,27.22,10
2026-01-10,Upper (A),Seated Cable Row - V Grip (Cable),0393F233,2,normal,27.22,10
2026-01-10,Upper (A),Lateral Raise (Cable),BE289E45,0,normal,3.4,8
2026-01-10,Upper (A),Lateral Raise (Cable),BE289E45,1,normal,4.54,9
2026-01-10,Upper (A),Lateral Raise (Cable),BE289E45,2,normal,4.54,9
2026-01-10,Upper (A),Triceps Pushdown,93A552C6,0,normal,22.68,10
2026-01-10,Upper (A),Triceps Pushdown,93A552C6,1,normal,24.95,6
2026-01-10,Upper (A),Triceps Pushdown,93A552C6,2,normal,22.68,4
2026-01-10,Upper (A),Triceps Pushdown,93A552C6,3,normal,22.68,10
2026-01-10,Upper (A),Bicep Curl (Cable),ADA8623C,0,normal,13.61,10
2026-01-10,Upper (A),Bicep Curl (Cable),ADA8623C,1,normal,15.88,10
2026-01-10,Upper (A),Bicep Curl (Cable),ADA8623C,2,normal,15.88,10
2026-01-10,Upper (A),Hollow Body Rocks,1801bad7-e713-4a54-8b8b-f0006dd28d64,0,normal,4.54,15
2026-01-10,Upper (A),Hollow Body Rocks,1801bad7-e713-4a54-8b8b-f0006dd28d64,1,normal,9.07,15
2026-01-10,Upper (A),Hollow Body Rocks,1801bad7-e713-4a54-8b8b-f0006dd28d64,2,normal,6.8,21
2026-01-07,Lower (B),Romanian Deadlift (Barbell),2B4B7310,0,warmup,22.68,5
2026-01-07,Lower (B),Romanian Deadlift (Barbell),2B4B7310,1,normal,45.36,8
2026-01-07,Lower (B),Romanian Deadlift (Barbell),2B4B7310,2,normal,45.36,8
2026-01-07,Lower (B),Romanian Deadlift (Barbell),2B4B7310,3,normal,45.36,8
2026-01-07,Lower (B),Romanian Deadlift (Barbell),2B4B7310,4,normal,45.36,8
2026-01-07,Lower (B),Front Squat,5046D0A9,0,normal,6.8,8
2026-01-07,Lower (B),Front Squat,5046D0A9,1,normal,6.8,8
2026-01-07,Lower (B),Front Squat,5046D0A9,2,normal,6.8,8
2026-01-07,Lower (B),Front Squat,5046D0A9,3,normal,6.8,8
2026-01-07,Lower (B),Front Squat,5046D0A9,4,warmup,0,5
2026-01-07,Lower (B),Seated Leg Curl (Machine),11A123F3,0,normal,20.41,10
2026-01-07,Lower (B),Seated Leg Curl (Machine),11A123F3,1,normal,15.88,10
2026-01-07,Lower (B),Seated Leg Curl (Machine),11A123F3,2,normal,15.88,10
2026-01-07,Lower (B),Leg Extension (Machine),75A4F6C4,0,normal,27.22,8
2026-01-07,Lower (B),Leg Extension (Machine),75A4F6C4,1,normal,27.22,9
2026-01-07,Lower (B),Leg Extension (Machine),75A4F6C4,2,normal,27.22,9
2026-01-07,Lower (B),Standing Calf Raise (Dumbbell),6DA40660,0,normal,15.97,12
2026-01-07,Lower (B),Standing Calf Raise (Dumbbell),6DA40660,1,normal,15.97,12
2026-01-07,Lower (B),Standing Calf Raise (Dumbbell),6DA40660,2,normal,15.97,12
2026-01-06,Upper (B),Chin Up (Weighted),023943F1,0,warmup,0,3
2026-01-06,Upper (B),Chin Up (Weighted),023943F1,1,normal,11.34,4
2026-01-06,Upper (B),Chin Up (Weighted),023943F1,2,normal,11.34,4
2026-01-06,Upper (B),Chin Up (Weighted),023943F1,3,normal,11.34,4
2026-01-06,Upper (B),Chin Up (Weighted),023943F1,4,failure,11.34,3
2026-01-06,Upper (B),Incline Bench Press (Barbell),50DFDFAB,0,warmup,20.41,7
2026-01-06,Upper (B),Incline Bench Press (Barbell),50DFDFAB,1,warmup,29.48,5
2026-01-06,Upper (B),Incline Bench Press (Barbell),50DFDFAB,2,normal,36.29,8
2026-01-06,Upper (B),Incline Bench Press (Barbell),50DFDFAB,3,normal,36.29,8
2026-01-06,Upper (B),Incline Bench Press (Barbell),50DFDFAB,4,normal,36.29,8
2026-01-06,Upper (B),Incline Bench Press (Barbell),50DFDFAB,5,failure,36.29,8
2026-01-06,Upper (B),Dumbbell Row,F1E57334,0,normal,36.29,10
2026-01-06,Upper (B),Dumbbell Row,F1E57334,1,normal,36.29,10
2026-01-06,Upper (B),Dumbbell Row,F1E57334,2,normal,36.29,10
2026-01-06,Upper (B),Hammer Curl (Dumbbell),7E3BC8B6,0,normal,22.68,9
2026-01-06,Upper (B),Hammer Curl (Dumbbell),7E3BC8B6,1,normal,22.68,9
2026-01-06,Upper (B),Hammer Curl (Dumbbell),7E3BC8B6,2,normal,22.68,9
2026-01-06,Upper (B),Triceps Pushdown,93A552C6,0,normal,20.41,10
2026-01-06,Upper (B),Triceps Pushdown,93A552C6,1,normal,20.41,10
2026-01-06,Upper (B),Triceps Pushdown,93A552C6,2,normal,20.41,10
2026-01-06,Upper (B),Lateral Raise (Cable),BE289E45,0,normal,3.4,8
2026-01-06,Upper (B),Lateral Raise (Cable),BE289E45,1,normal,3.4,8
2026-01-06,Upper (B),Lateral Raise (Cable),BE289E45,2,normal,3.4,8
2026-01-04,Lower (A),Front Squat,5046D0A9,0,warmup,0,5
2026-01-04,Lower (A),Front Squat,5046D0A9,1,normal,6.8,7
2026-01-04,Lower (A),Front Squat,5046D0A9,2,normal,6.8,7
2026-01-04,Lower (A),Front Squat,5046D0A9,3,normal,6.8,7
2026-01-04,Lower (A),Front Squat,5046D0A9,4,normal,6.8,8
2026-01-04,Lower (A),Romanian Deadlift (Barbell),2B4B7310,0,warmup,20.41,5
2026-01-04,Lower (A),Romanian Deadlift (Barbell),2B4B7310,1,normal,47.63,7
2026-01-04,Lower (A),Romanian Deadlift (Barbell),2B4B7310,2,normal,47.63,7
2026-01-04,Lower (A),Romanian Deadlift (Barbell),2B4B7310,3,normal,47.63,7
2026-01-04,Lower (A),Romanian Deadlift (Barbell),2B4B7310,4,normal,47.63,7
2026-01-04,Lower (A),Romanian Deadlift (Barbell),2B4B7310,5,warmup,29.48,5
2026-01-04,Lower (A),Leg Extension (Machine),75A4F6C4,0,normal,24.95,10
2026-01-04,Lower (A),Leg Extension (Machine),75A4F6C4,1,normal,24.95,10
2026-01-04,Lower (A),Leg Extension (Machine),75A4F6C4,2,normal,24.95,10
2026-01-04,Lower (A),Seated Leg Curl (Machine),11A123F3,0,normal,24.95,10
2026-01-04,Lower (A),Seated Leg Curl (Machine),11A123F3,1,normal,24.95,10
2026-01-04,Lower (A),Seated Leg Curl (Machine),11A123F3,2,normal,24.95,10
2026-01-04,Lower (A),Standing Calf Raise (Dumbbell),6DA40660,0,normal,11.34,12
2026-01-04,Lower (A),Standing Calf Raise (Dumbbell),6DA40660,1,normal,11.34,12
2026-01-04,Lower (A),Standing Calf Raise (Dumbbell),6DA40660,2,normal,11.34,12
2026-01-03,Upper (A),Incline Bench Press (Barbell),50DFDFAB,0,warmup,20.41,5
2026-01-03,Upper (A),Incline Bench Press (Barbell),50DFDFAB,1,warmup,29.48,4
2026-01-03,Upper (A),Incline Bench Press (Barbell),50DFDFAB,2,normal,38.56,6
2026-01-03,Upper (A),Incline Bench Press (Barbell),50DFDFAB,3,normal,38.56,6
2026-01-03,Upper (A),Incline Bench Press (Barbell),50DFDFAB,4,normal,36.29,8
2026-01-03,Upper (A),Incline Bench Press (Barbell),50DFDFAB,5,failure,36.29,6
2026-01-03,Upper (A),Chin Up (Weighted),023943F1,0,warmup,0,3
2026-01-03,Upper (A),Chin Up (Weighted),023943F1,1,normal,11.34,3
2026-01-03,Upper (A),Chin Up (Weighted),023943F1,2,normal,11.34,3
2026-01-03,Upper (A),Chin Up (Weighted),023943F1,3,normal,11.34,3
2026-01-03,Upper (A),Chin Up (Weighted),023943F1,4,failure,11.34,3
2026-01-03,Upper (A),Single Arm Cable Row,D0C4A899,0,normal,9.07,8
2026-01-03,Upper (A),Single Arm Cable Row,D0C4A899,1,normal,9.07,8
2026-01-03,Upper (A),Single Arm Cable Row,D0C4A899,2,normal,9.07,8
2026-01-03,Upper (A),Lateral Raise (Cable),BE289E45,0,normal,3.4,7
2026-01-03,Upper (A),Lateral Raise (Cable),BE289E45,1,normal,3.4,7
2026-01-03,Upper (A),Lateral Raise (Cable),BE289E45,2,normal,3.4,7
2026-01-03,Upper (A),Triceps Pushdown,93A552C6,0,normal,18.14,10
2026-01-03,Upper (A),Triceps Pushdown,93A552C6,1,normal,18.14,10
2026-01-03,Upper (A),Triceps Pushdown,93A552C6,2,normal,18.14,10
2026-01-03,Upper (A),Seated Incline Curl (Dumbbell),8BAB2735,0,normal,13.61,10
2026-01-03,Upper (A),Seated Incline Curl (Dumbbell),8BAB2735,1,normal,13.61,10
2026-01-03,Upper (A),Seated Incline Curl (Dumbbell),8BAB2735,2,normal,13.61,10
2026-01-03,Upper (A),Hollow Body Rocks,1801bad7-e713-4a54-8b8b-f0006dd28d64,0,normal,0,15
2026-01-03,Upper (A),Hollow Body Rocks,1801bad7-e713-4a54-8b8b-f0006dd28d64,1,normal,0,15
2026-01-03,Upper (A),Hollow Body Rocks,1801bad7-e713-4a54-8b8b-f0006dd28d64,2,normal,0,15
2025-12-31,Lower (B),Romanian Deadlift (Barbell),2B4B7310,0,warmup,20.41,5
2025-12-31,Lower (B),Romanian Deadlift (Barbell),2B4B7310,1,warmup,29.48,5
2025-12-31,Lower (B),Romanian Deadlift (Barbell),2B4B7310,2,normal,43.09,8
2025-12-31,Lower (B),Romanian Deadlift (Barbell),2B4B7310,3,normal,43.09,8
2025-12-31,Lower (B),Romanian Deadlift (Barbell),2B4B7310,4,normal,43.09,8
2025-12-31,Lower (B),Romanian Deadlift (Barbell),2B4B7310,5,normal,43.09,8
2025-12-31,Lower (B),Front Squat,5046D0A9,0,normal,6.8,5
2025-12-31,Lower (B),Front Squat,5046D0A9,1,normal,6.8,7
2025-12-31,Lower (B),Front Squat,5046D0A9,2,normal,6.8,7
2025-12-31,Lower (B),Front Squat,5046D0A9,3,normal,6.8,7
2025-12-31,Lower (B),Seated Leg Curl (Machine),11A123F3,0,normal,22.68,10
2025-12-31,Lower (B),Seated Leg Curl (Machine),11A123F3,1,normal,22.68,10
2025-12-31,Lower (B),Seated Leg Curl (Machine),11A123F3,2,normal,22.68,10
2025-12-31,Lower (B),Leg Extension (Machine),75A4F6C4,0,normal,22.68,10
2025-12-31,Lower (B),Leg Extension (Machine),75A4F6C4,1,normal,22.68,10
2025-12-31,Lower (B),Leg Extension (Machine),75A4F6C4,2,normal,22.68,10
2025-12-31,Lower (B),Standing Calf Raise (Dumbbell),6DA40660,0,normal,9.07,12
2025-12-31,Lower (B),Standing Calf Raise (Dumbbell),6DA40660,1,normal,9.07,12
2025-12-31,Lower (B),Standing Calf Raise (Dumbbell),6DA40660,2,normal,9.07,12
2025-12-17,Lower (B),Romanian Deadlift (Barbell),2B4B7310,0,warmup,20.41,5
2025-12-17,Lower (B),Romanian Deadlift (Barbell),2B4B7310,1,warmup,29.48,5
2025-12-17,Lower (B),Romanian Deadlift (Barbell),2B4B7310,2,normal,47.63,8
2025-12-17,Lower (B),Romanian Deadlift (Barbell),2B4B7310,3,normal,47.63,8
2025-12-17,Lower (B),Romanian Deadlift (Barbell),2B4B7310,4,normal,47.63,8
2025-12-17,Lower (B),Romanian Deadlift (Barbell),2B4B7310,5,normal,47.63,8
2025-12-17,Lower (B),Front Squat,5046D0A9,0,normal,6.8,7
2025-12-17,Lower (B),Front Squat,5046D0A9,1,normal,6.8,7
2025-12-17,Lower (B),Front Squat,5046D0A9,2,normal,6.8,8
2025-12-17,Lower (B),Front Squat,5046D0A9,3,normal,6.8,7
2025-12-17,Lower (B),Leg Extension (Machine),75A4F6C4,0,normal,27.22,7
2025-12-17,Lower (B),Leg Extension (Machine),75A4F6C4,1,normal,24.95,10
2025-12-17,Lower (B),Leg Extension (Machine),75A4F6C4,2,normal,24.95,10
2025-12-17,Lower (B),Standing Calf Raise (Dumbbell),6DA40660,0,normal,9.07,12
2025-12-17,Lower (B),Standing Calf Raise (Dumbbell),6DA40660,1,normal,9.07,12
2025-12-17,Lower (B),Standing Calf Raise (Dumbbell),6DA40660,2,normal,9.07,12
2025-12-17,Lower (B),Seated Leg Curl (Machine),11A123F3,0,normal,24.95,7
2025-12-17,Lower (B),Seated Leg Curl (Machine),11A123F3,1,normal,24.95,8
2025-12-17,Lower (B),Seated Leg Curl (Machine),11A123F3,2,normal,24.95,10
2025-12-16,Upper (B),Chin Up (Weighted),023943F1,0,warmup,0,3
2025-12-16,Upper (B),Chin Up (Weighted),023943F1,1,normal,11.34,4
2025-12-16,Upper (B),Chin Up (Weighted),023943F1,2,normal,11.34,4
2025-12-16,Upper (B),Chin Up (Weighted),023943F1,3,normal,11.34,3
2025-12-16,Upper (B),Chin Up (Weighted),023943F1,4,failure,11.34,3
2025-12-16,Upper (B),Incline Bench Press (Dumbbell),07B38369,0,warmup,18.14,8
2025-12-16,Upper (B),Incline Bench Press (Dumbbell),07B38369,1,normal,36.29,8
2025-12-16,Upper (B),Incline Bench Press (Dumbbell),07B38369,2,normal,36.29,8
2025-12-16,Upper (B),Incline Bench Press (Dumbbell),07B38369,3,normal,36.29,8
2025-12-16,Upper (B),Dumbbell Row,F1E57334,0,normal,31.75,12
2025-12-16,Upper (B),Dumbbell Row,F1E57334,1,normal,31.75,12
2025-12-16,Upper (B),Dumbbell Row,F1E57334,2,normal,31.75,12
2025-12-16,Upper (B),Hammer Curl (Dumbbell),7E3BC8B6,0,normal,22.68,10
2025-12-16,Upper (B),Hammer Curl (Dumbbell),7E3BC8B6,1,normal,22.68,9
2025-12-16,Upper (B),Hammer Curl (Dumbbell),7E3BC8B6,2,normal,22.68,8
2025-12-16,Upper (B),Triceps Pushdown,93A552C6,0,normal,22.68,10
2025-12-16,Upper (B),Triceps Pushdown,93A552C6,1,normal,22.68,10
2025-12-16,Upper (B),Triceps Pushdown,93A552C6,2,normal,22.68,10
2025-12-16,Upper (B),Lateral Raise (Cable),BE289E45,0,normal,3.4,10
2025-12-16,Upper (B),Lateral Raise (Cable),BE289E45,1,normal,3.4,10
2025-12-16,Upper (B),Lateral Raise (Cable),BE289E45,2,normal,3.4,10
2025-12-14,Lower (A),Front Squat,5046D0A9,0,warmup,0,3
2025-12-14,Lower (A),Front Squat,5046D0A9,1,normal,6.8,6
2025-12-14,Lower (A),Front Squat,5046D0A9,2,normal,6.8,6
2025-12-14,Lower (A),Front Squat,5046D0A9,3,normal,6.8,6
2025-12-14,Lower (A),Front Squat,5046D0A9,4,normal,6.8,6
2025-12-14,Lower (A),Romanian Deadlift (Barbell),2B4B7310,0,warmup,27.22,5
2025-12-14,Lower (A),Romanian Deadlift (Barbell),2B4B7310,1,normal,45.36,8
2025-12-14,Lower (A),Romanian Deadlift (Barbell),2B4B7310,2,normal,45.36,8
2025-12-14,Lower (A),Romanian Deadlift (Barbell),2B4B7310,3,normal,45.36,8
2025-12-14,Lower (A),Romanian Deadlift (Barbell),2B4B7310,4,normal,45.36,8
2025-12-14,Lower (A),Leg Extension (Machine),75A4F6C4,0,normal,22.68,10
2025-12-14,Lower (A),Leg Extension (Machine),75A4F6C4,1,normal,22.68,10
2025-12-14,Lower (A),Leg Extension (Machine),75A4F6C4,2,normal,22.68,10
2025-12-14,Lower (A),Seated Leg Curl (Machine),11A123F3,0,normal,22.68,10
2025-12-14,Lower (A),Seated Leg Curl (Machine),11A123F3,1,normal,22.68,10
2025-12-14,Lower (A),Seated Leg Curl (Machine),11A123F3,2,normal,22.68,10
2025-12-14,Lower (A),Standing Calf Raise (Dumbbell),6DA40660,0,normal,9.07,10
2025-12-14,Lower (A),Standing Calf Raise (Dumbbell),6DA40660,1,normal,9.07,10
2025-12-14,Lower (A),Standing Calf Raise (Dumbbell),6DA40660,2,normal,9.07,10
2025-12-13,Upper (A),Incline Bench Press (Barbell),50DFDFAB,0,warmup,20.41,5
2025-12-13,Upper (A),Incline Bench Press (Barbell),50DFDFAB,1,warmup,29.48,4
2025-12-13,Upper (A),Incline Bench Press (Barbell),50DFDFAB,2,normal,38.56,8
2025-12-13,Upper (A),Incline Bench Press (Barbell),50DFDFAB,3,normal,38.56,8
2025-12-13,Upper (A),Incline Bench Press (Barbell),50DFDFAB,4,normal,38.56,7
2025-12-13,Upper (A),Chin Up (Weighted),023943F1,0,warmup,0,3
2025-12-13,Upper (A),Chin Up (Weighted),023943F1,1,normal,11.34,3
2025-12-13,Upper (A),Chin Up (Weighted),023943F1,2,normal,11.34,3
2025-12-13,Upper (A),Chin Up (Weighted),023943F1,3,normal,11.34,3
2025-12-13,Upper (A),Chin Up (Weighted),023943F1,4,failure,11.34,3
2025-12-13,Upper (A),Single Arm Cable Row,D0C4A899,0,normal,11.34,8
2025-12-13,Upper (A),Single Arm Cable Row,D0C4A899,1,normal,11.34,8
2025-12-13,Upper (A),Single Arm Cable Row,D0C4A899,2,normal,11.34,8
2025-12-13,Upper (A),Lateral Raise (Cable),BE289E45,0,normal,3.4,9
2025-12-13,Upper (A),Lateral Raise (Cable),BE289E45,1,normal,3.4,9
2025-12-13,Upper (A),Lateral Raise (Cable),BE289E45,2,normal,3.4,9
2025-12-13,Upper (A),Triceps Pushdown,93A552C6,0,normal,22.68,9
2025-12-13,Upper (A),Triceps Pushdown,93A552C6,1,normal,22.68,9
2025-12-13,Upper (A),Triceps Pushdown,93A552C6,2,normal,22.68,9
2025-12-13,Upper (A),Seated Incline Curl (Dumbbell),8BAB2735,0,normal,13.61,10
2025-12-13,Upper (A),Seated Incline Curl (Dumbbell),8BAB2735,1,normal,13.61,10
2025-12-13,Upper (A),Seated Incline Curl (Dumbbell),8BAB2735,2,normal,13.61,10
2025-12-13,Upper (A),Hollow Body Rocks,1801bad7-e713-4a54-8b8b-f0006dd28d64,0,normal,0,20
2025-12-13,Upper (A),Hollow Body Rocks,1801bad7-e713-4a54-8b8b-f0006dd28d64,1,normal,0,20
2025-12-13,Upper (A),Hollow Body Rocks,1801bad7-e713-4a54-8b8b-f0006dd28d64,2,normal,0,20
2025-12-10,Lower (B),Romanian Deadlift (Barbell),2B4B7310,0,warmup,20.41,5
2025-12-10,Lower (B),Romanian Deadlift (Barbell),2B4B7310,1,warmup,29.48,4
2025-12-10,Lower (B),Romanian Deadlift (Barbell),2B4B7310,2,normal,45.36,8
2025-12-10,Lower (B),Romanian Deadlift (Barbell),2B4B7310,3,normal,45.36,8
2025-12-10,Lower (B),Romanian Deadlift (Barbell),2B4B7310,4,normal,45.36,8
2025-12-10,Lower (B),Romanian Deadlift (Barbell),2B4B7310,5,normal,45.36,8
2025-12-10,Lower (B),Front Squat,5046D0A9,0,normal,4.54,8
2025-12-10,Lower (B),Front Squat,5046D0A9,1,normal,4.54,8
2025-12-10,Lower (B),Front Squat,5046D0A9,2,normal,4.54,8
2025-12-10,Lower (B),Front Squat,5046D0A9,3,normal,4.54,8
2025-12-10,Lower (B),Seated Leg Curl (Machine),11A123F3,0,normal,22.68,9
2025-12-10,Lower (B),Seated Leg Curl (Machine),11A123F3,1,normal,22.68,9
2025-12-10,Lower (B),Seated Leg Curl (Machine),11A123F3,2,normal,22.68,9
2025-12-10,Lower (B),Leg Extension (Machine),75A4F6C4,0,normal,22.68,9
2025-12-10,Lower (B),Leg Extension (Machine),75A4F6C4,1,normal,22.68,10
2025-12-10,Lower (B),Leg Extension (Machine),75A4F6C4,2,normal,22.68,10
2025-12-10,Lower (B),Standing Calf Raise (Dumbbell),6DA40660,0,normal,6.8,12
2025-12-10,Lower (B),Standing Calf Raise (Dumbbell),6DA40660,1,normal,6.8,12
2025-12-10,Lower (B),Standing Calf Raise (Dumbbell),6DA40660,2,normal,6.8,12
2025-12-09,Upper (B),Chin Up (Weighted),023943F1,0,warmup,0,2
2025-12-09,Upper (B),Chin Up (Weighted),023943F1,1,normal,9.98,3
2025-12-09,Upper (B),Chin Up (Weighted),023943F1,2,normal,9.98,4
2025-12-09,Upper (B),Chin Up (Weighted),023943F1,3,normal,9.98,4
2025-12-09,Upper (B),Incline Bench Press (Dumbbell),07B38369,0,warmup,18.14,8
2025-12-09,Upper (B),Incline Bench Press (Dumbbell),07B38369,1,normal,31.75,8
2025-12-09,Upper (B),Incline Bench Press (Dumbbell),07B38369,2,normal,31.75,8
2025-12-09,Upper (B),Incline Bench Press (Dumbbell),07B38369,3,normal,31.75,8
2025-12-09,Upper (B),Dumbbell Row,F1E57334,0,normal,27.22,12
2025-12-09,Upper (B),Dumbbell Row,F1E57334,1,normal,27.22,12
2025-12-09,Upper (B),Dumbbell Row,F1E57334,2,normal,27.22,12
2025-12-09,Upper (B),Hammer Curl (Dumbbell),7E3BC8B6,0,normal,22.68,9
2025-12-09,Upper (B),Hammer Curl (Dumbbell),7E3BC8B6,1,normal,22.68,9
2025-12-09,Upper (B),Hammer Curl (Dumbbell),7E3BC8B6,2,normal,22.68,7
2025-12-09,Upper (B),Triceps Pushdown,93A552C6,0,normal,22.68,10
2025-12-09,Upper (B),Triceps Pushdown,93A552C6,1,normal,22.68,10
2025-12-09,Upper (B),Triceps Pushdown,93A552C6,2,normal,22.68,6
2025-12-09,Upper (B),Lateral Raise (Cable),BE289E45,0,normal,3.4,8
2025-12-09,Upper (B),Lateral Raise (Cable),BE289E45,1,normal,3.4,8
2025-12-09,Upper (B),Lateral Raise (Cable),BE289E45,2,normal,3.4,8
2025-12-07,Lower (A),Front Squat,5046D0A9,0,warmup,0,3
2025-12-07,Lower (A),Front Squat,5046D0A9,1,normal,4.54,7
2025-12-07,Lower (A),Front Squat,5046D0A9,2,normal,4.54,7
2025-12-07,Lower (A),Front Squat,5046D0A9,3,normal,4.54,7
2025-12-07,Lower (A),Front Squat,5046D0A9,4,normal,4.54,7
2025-12-07,Lower (A),Romanian Deadlift (Barbell),2B4B7310,0,warmup,20.41,5
2025-12-07,Lower (A),Romanian Deadlift (Barbell),2B4B7310,1,normal,43.09,8
2025-12-07,Lower (A),Romanian Deadlift (Barbell),2B4B7310,2,normal,43.09,8
2025-12-07,Lower (A),Romanian Deadlift (Barbell),2B4B7310,3,normal,43.09,8
2025-12-07,Lower (A),Romanian Deadlift (Barbell),2B4B7310,4,normal,43.09,8
2025-12-07,Lower (A),Leg Extension (Machine),75A4F6C4,0,normal,22.68,8
2025-12-07,Lower (A),Leg Extension (Machine),75A4F6C4,1,normal,22.68,8
2025-12-07,Lower (A),Leg Extension (Machine),75A4F6C4,2,normal,22.68,10
2025-12-07,Lower (A),Seated Leg Curl (Machine),11A123F3,0,normal,22.68,8
2025-12-07,Lower (A),Seated Leg Curl (Machine),11A123F3,1,normal,22.68,8
2025-12-07,Lower (A),Seated Leg Curl (Machine),11A123F3,2,normal,22.68,8
2025-12-07,Lower (A),Standing Calf Raise (Dumbbell),6DA40660,0,normal,4.54,12
2025-12-07,Lower (A),Standing Calf Raise (Dumbbell),6DA40660,1,normal,4.54,12
2025-12-07,Lower (A),Standing Calf Raise (Dumbbell),6DA40660,2,normal,4.54,12
2025-12-06,Upper (A),Incline Bench Press (Barbell),50DFDFAB,0,warmup,20.41,6
2025-12-06,Upper (A),Incline Bench Press (Barbell),50DFDFAB,1,normal,38.56,8
2025-12-06,Upper (A),Incline Bench Press (Barbell),50DFDFAB,2,normal,38.56,8
2025-12-06,Upper (A),Incline Bench Press (Barbell),50DFDFAB,3,normal,38.56,6
2025-12-06,Upper (A),Chin Up (Weighted),023943F1,0,normal,6.8,4
2025-12-06,Upper (A),Chin Up (Weighted),023943F1,1,normal,6.8,4
2025-12-06,Upper (A),Chin Up (Weighted),023943F1,2,normal,6.8,4
2025-12-06,Upper (A),Single Arm Cable Row,D0C4A899,0,normal,9.07,10
2025-12-06,Upper (A),Single Arm Cable Row,D0C4A899,1,normal,9.07,10
2025-12-06,Upper (A),Single Arm Cable Row,D0C4A899,2,normal,9.07,10
2025-12-06,Upper (A),Lateral Raise (Cable),BE289E45,0,normal,3.4,10
2025-12-06,Upper (A),Lateral Raise (Cable),BE289E45,1,normal,3.4,9
2025-12-06,Upper (A),Lateral Raise (Cable),BE289E45,2,normal,3.27,6
2025-12-06,Upper (A),Triceps Pushdown,93A552C6,0,normal,20.41,12
2025-12-06,Upper (A),Triceps Pushdown,93A552C6,1,normal,20.41,12
2025-12-06,Upper (A),Triceps Pushdown,93A552C6,2,normal,20.41,12
2025-12-06,Upper (A),Seated Incline Curl (Dumbbell),8BAB2735,0,normal,13.61,10
2025-12-06,Upper (A),Seated Incline Curl (Dumbbell),8BAB2735,1,normal,13.61,10
2025-12-06,Upper (A),Seated Incline Curl (Dumbbell),8BAB2735,2,normal,13.61,10
2025-12-06,Upper (A),Hollow Body Rocks,1801bad7-e713-4a54-8b8b-f0006dd28d64,0,normal,0,15
2025-12-06,Upper (A),Hollow Body Rocks,1801bad7-e713-4a54-8b8b-f0006dd28d64,1,normal,0,15
2025-12-06,Upper (A),Hollow Body Rocks,1801bad7-e713-4a54-8b8b-f0006dd28d64,2,normal,0,15
2025-12-03,Lower (B),Romanian Deadlift (Barbell),2B4B7310,0,warmup,22.68,5
2025-12-03,Lower (B),Romanian Deadlift (Barbell),2B4B7310,1,normal,36.29,8
2025-12-03,Lower (B),Romanian Deadlift (Barbell),2B4B7310,2,normal,36.29,8
2025-12-03,Lower (B),Romanian Deadlift (Barbell),2B4B7310,3,normal,36.29,8
2025-12-03,Lower (B),Romanian Deadlift (Barbell),2B4B7310,4,normal,36.29,8
2025-12-03,Lower (B),Front Squat,5046D0A9,0,normal,4.54,6
2025-12-03,Lower (B),Front Squat,5046D0A9,1,normal,4.54,6
2025-12-03,Lower (B),Front Squat,5046D0A9,2,normal,4.54,6
2025-12-03,Lower (B),Front Squat,5046D0A9,3,normal,4.54,6
2025-12-03,Lower (B),Seated Leg Curl (Machine),11A123F3,0,normal,20.41,10
2025-12-03,Lower (B),Seated Leg Curl (Machine),11A123F3,1,normal,20.41,10
2025-12-03,Lower (B),Seated Leg Curl (Machine),11A123F3,2,normal,20.41,10
2025-12-03,Lower (B),Leg Extension (Machine),75A4F6C4,0,normal,20.41,10
2025-12-03,Lower (B),Leg Extension (Machine),75A4F6C4,1,normal,20.41,10
2025-12-03,Lower (B),Leg Extension (Machine),75A4F6C4,2,normal,20.41,10
2025-12-03,Lower (B),Standing Calf Raise (Dumbbell),6DA40660,0,normal,4.54,10
2025-12-03,Lower (B),Standing Calf Raise (Dumbbell),6DA40660,1,normal,4.54,10
2025-12-03,Lower (B),Standing Calf Raise (Dumbbell),6DA40660,2,normal,4.54,10
2025-12-02,Upper (B),Chin Up (Weighted),023943F1,0,normal,4.54,5
2025-12-02,Upper (B),Chin Up (Weighted),023943F1,1,normal,4.54,5
2025-12-02,Upper (B),Chin Up (Weighted),023943F1,2,normal,4.54,5
2025-12-02,Upper (B),Incline Bench Press (Barbell),50DFDFAB,0,warmup,20.41,5
2025-12-02,Upper (B),Incline Bench Press (Barbell),50DFDFAB,1,normal,34.02,8
2025-12-02,Upper (B),Incline Bench Press (Barbell),50DFDFAB,2,normal,34.02,8
2025-12-02,Upper (B),Incline Bench Press (Barbell),50DFDFAB,3,normal,34.02,8
2025-12-02,Upper (B),Dumbbell Row,F1E57334,0,normal,27.22,11
2025-12-02,Upper (B),Dumbbell Row,F1E57334,1,normal,27.22,11
2025-12-02,Upper (B),Dumbbell Row,F1E57334,2,normal,27.22,11
2025-12-02,Upper (B),Hammer Curl (Dumbbell),7E3BC8B6,0,normal,22.68,10
2025-12-02,Upper (B),Hammer Curl (Dumbbell),7E3BC8B6,1,normal,22.68,7
2025-12-02,Upper (B),Hammer Curl (Dumbbell),7E3BC8B6,2,normal,22.68,8
2025-12-02,Upper (B),Triceps Pushdown,93A552C6,0,normal,20.41,10
2025-12-02,Upper (B),Triceps Pushdown,93A552C6,1,normal,20.41,10
2025-12-02,Upper (B),Triceps Pushdown,93A552C6,2,normal,20.41,10
2025-12-02,Upper (B),Lateral Raise (Cable),BE289E45,0,normal,3.4,8
2025-12-02,Upper (B),Lateral Raise (Cable),BE289E45,1,normal,3.4,8
2025-12-02,Upper (B),Lateral Raise (Cable),BE289E45,2,normal,3.4,8
2025-11-26,Lower (B),Romanian Deadlift (Barbell),2B4B7310,0,normal,31.75,8
2025-11-26,Lower (B),Romanian Deadlift (Barbell),2B4B7310,1,normal,31.75,8
2025-11-26,Lower (B),Romanian Deadlift (Barbell),2B4B7310,2,normal,31.75,8
2025-11-26,Lower (B),Romanian Deadlift (Barbell),2B4B7310,3,normal,31.75,8
2025-11-26,Lower (B),Front Squat,5046D0A9,0,normal,0,8
2025-11-26,Lower (B),Front Squat,5046D0A9,1,normal,0,8
2025-11-26,Lower (B),Front Squat,5046D0A9,2,normal,0,8
2025-11-26,Lower (B),Front Squat,5046D0A9,3,normal,0,8
2025-11-26,Lower (B),Seated Leg Curl (Machine),11A123F3,0,normal,18.14,10
2025-11-26,Lower (B),Seated Leg Curl (Machine),11A123F3,1,normal,18.14,10
2025-11-26,Lower (B),Seated Leg Curl (Machine),11A123F3,2,normal,18.14,10
2025-11-26,Lower (B),Leg Extension (Machine),75A4F6C4,0,normal,18.14,10
2025-11-26,Lower (B),Leg Extension (Machine),75A4F6C4,1,normal,18.14,10
2025-11-26,Lower (B),Leg Extension (Machine),75A4F6C4,2,normal,18.14,10
2025-11-26,Lower (B),Standing Calf Raise (Dumbbell),6DA40660,0,normal,0,13
2025-11-26,Lower (B),Standing Calf Raise (Dumbbell),6DA40660,1,normal,0,13
2025-11-26,Lower (B),Standing Calf Raise (Dumbbell),6DA40660,2,normal,0,13
2025-11-25,Upper (B),Chin Up (Weighted),023943F1,0,normal,4.54,3
2025-11-25,Upper (B),Chin Up (Weighted),023943F1,1,normal,4.54,5
2025-11-25,Upper (B),Chin Up (Weighted),023943F1,2,normal,4.54,5
2025-11-25,Upper (B),Incline Bench Press (Barbell),50DFDFAB,0,normal,29.48,8
2025-11-25,Upper (B),Incline Bench Press (Barbell),50DFDFAB,1,normal,29.48,8
2025-11-25,Upper (B),Incline Bench Press (Barbell),50DFDFAB,2,normal,29.48,8
2025-11-25,Upper (B),Dumbbell Row,F1E57334,0,normal,27.22,10
2025-11-25,Upper (B),Dumbbell Row,F1E57334,1,normal,27.22,10
2025-11-25,Upper (B),Dumbbell Row,F1E57334,2,normal,27.22,10
2025-11-25,Upper (B),Hammer Curl (Dumbbell),7E3BC8B6,0,normal,18.14,10
2025-11-25,Upper (B),Hammer Curl (Dumbbell),7E3BC8B6,1,normal,18.14,10
2025-11-25,Upper (B),Hammer Curl (Dumbbell),7E3BC8B6,2,normal,18.14,10
2025-11-25,Upper (B),Triceps Pushdown,93A552C6,0,normal,18.14,12
2025-11-25,Upper (B),Triceps Pushdown,93A552C6,1,normal,18.14,12
2025-11-25,Upper (B),Triceps Pushdown,93A552C6,2,normal,18.14,12
2025-11-25,Upper (B),Lateral Raise (Cable),BE289E45,0,normal,3.4,8
2025-11-25,Upper (B),Lateral Raise (Cable),BE289E45,1,normal,3.4,8
2025-11-25,Upper (B),Lateral Raise (Cable),BE289E45,2,normal,3.4,8
2025-11-23,Lower (A),Front Squat,5046D0A9,0,warmup,0,2
2025-11-23,Lower (A),Front Squat,5046D0A9,1,normal,0,7
2025-11-23,Lower (A),Front Squat,5046D0A9,2,normal,0,7
2025-11-23,Lower (A),Front Squat,5046D0A9,3,normal,0,7
2025-11-23,Lower (A),Front Squat,5046D0A9,4,normal,0,7
2025-11-23,Lower (A),Romanian Deadlift (Barbell),2B4B7310,0,normal,27.22,8
2025-11-23,Lower (A),Romanian Deadlift (Barbell),2B4B7310,1,normal,27.22,8
2025-11-23,Lower (A),Romanian Deadlift (Barbell),2B4B7310,2,normal,27.22,8
2025-11-23,Lower (A),Romanian Deadlift (Barbell),2B4B7310,3,normal,27.22,8
2025-11-23,Lower (A),Leg Extension (Machine),75A4F6C4,0,normal,15.88,10
2025-11-23,Lower (A),Leg Extension (Machine),75A4F6C4,1,normal,15.88,10
2025-11-23,Lower (A),Leg Extension (Machine),75A4F6C4,2,normal,15.88,10
2025-11-23,Lower (A),Seated Leg Curl (Machine),11A123F3,0,normal,15.88,10
2025-11-23,Lower (A),Seated Leg Curl (Machine),11A123F3,1,normal,15.88,10
2025-11-23,Lower (A),Seated Leg Curl (Machine),11A123F3,2,normal,15.88,10
2025-11-23,Lower (A),Standing Calf Raise (Dumbbell),6DA40660,0,normal,0,12
2025-11-23,Lower (A),Standing Calf Raise (Dumbbell),6DA40660,1,normal,0,12
2025-11-23,Lower (A),Standing Calf Raise (Dumbbell),6DA40660,2,normal,0,12
2025-11-22,Upper (A),Incline Bench Press (Barbell),50DFDFAB,0,warmup,20.41,5
2025-11-22,Upper (A),Incline Bench Press (Barbell),50DFDFAB,1,normal,29.48,8
2025-11-22,Upper (A),Incline Bench Press (Barbell),50DFDFAB,2,normal,29.48,8
2025-11-22,Upper (A),Incline Bench Press (Barbell),50DFDFAB,3,normal,29.48,7
2025-11-22,Upper (A),Chin Up (Weighted),023943F1,0,normal,0,5
2025-11-22,Upper (A),Chin Up (Weighted),023943F1,1,normal,0,5
2025-11-22,Upper (A),Chin Up (Weighted),023943F1,2,normal,0,5
2025-11-22,Upper (A),Single Arm Cable Row,D0C4A899,0,normal,9.07,8
2025-11-22,Upper (A),Single Arm Cable Row,D0C4A899,1,normal,9.07,8
2025-11-22,Upper (A),Single Arm Cable Row,D0C4A899,2,normal,9.07,8
2025-11-22,Upper (A),Lateral Raise (Cable),BE289E45,0,normal,2.27,11
2025-11-22,Upper (A),Lateral Raise (Cable),BE289E45,1,normal,2.27,11
2025-11-22,Upper (A),Lateral Raise (Cable),BE289E45,2,normal,2.27,11
2025-11-22,Upper (A),Triceps Pushdown,93A552C6,0,normal,15.88,12
2025-11-22,Upper (A),Triceps Pushdown,93A552C6,1,normal,15.88,12
2025-11-22,Upper (A),Triceps Pushdown,93A552C6,2,normal,15.88,12
2025-11-22,Upper (A),Bicep Curl (Dumbbell),37FCC2BB,0,normal,11.34,10
2025-11-22,Upper (A),Bicep Curl (Dumbbell),37FCC2BB,1,normal,11.34,10
2025-11-22,Upper (A),Bicep Curl (Dumbbell),37FCC2BB,2,normal,11.34,10
2025-11-19,Lower (B),Romanian Deadlift (Barbell),2B4B7310,0,normal,22.68,8
2025-11-19,Lower (B),Romanian Deadlift (Barbell),2B4B7310,1,normal,22.68,8
2025-11-19,Lower (B),Romanian Deadlift (Barbell),2B4B7310,2,normal,22.68,8
2025-11-19,Lower (B),Romanian Deadlift (Barbell),2B4B7310,3,normal,22.68,8
2025-11-19,Lower (B),Front Squat,5046D0A9,0,normal,0,6
2025-11-19,Lower (B),Front Squat,5046D0A9,1,normal,0,6
2025-11-19,Lower (B),Front Squat,5046D0A9,2,normal,0,6
2025-11-19,Lower (B),Front Squat,5046D0A9,3,normal,0,6
2025-11-19,Lower (B),Seated Leg Curl (Machine),11A123F3,0,normal,13.61,10
2025-11-19,Lower (B),Seated Leg Curl (Machine),11A123F3,1,normal,13.61,10
2025-11-19,Lower (B),Seated Leg Curl (Machine),11A123F3,2,normal,13.61,10
2025-11-19,Lower (B),Leg Extension (Machine),75A4F6C4,0,normal,13.61,10
2025-11-19,Lower (B),Leg Extension (Machine),75A4F6C4,1,normal,13.61,10
2025-11-19,Lower (B),Leg Extension (Machine),75A4F6C4,2,normal,13.61,10
2025-11-19,Lower (B),Standing Calf Raise (Dumbbell),6DA40660,0,normal,0,11
2025-11-19,Lower (B),Standing Calf Raise (Dumbbell),6DA40660,1,normal,0,11
2025-11-19,Lower (B),Standing Calf Raise (Dumbbell),6DA40660,2,normal,0,11
2025-11-18,Upper (B),Chin Up (Weighted),023943F1,0,normal,0,4
2025-11-18,Upper (B),Chin Up (Weighted),023943F1,1,normal,0,4
2025-11-18,Upper (B),Chin Up (Weighted),023943F1,2,normal,0,5
2025-11-18,Upper (B),Incline Bench Press (Barbell),50DFDFAB,0,normal,24.95,8
2025-11-18,Upper (B),Incline Bench Press (Barbell),50DFDFAB,1,normal,24.95,8
2025-11-18,Upper (B),Incline Bench Press (Barbell),50DFDFAB,2,normal,24.95,8
2025-11-18,Upper (B),Dumbbell Row,F1E57334,0,normal,22.68,10
2025-11-18,Upper (B),Dumbbell Row,F1E57334,1,normal,22.68,10
2025-11-18,Upper (B),Dumbbell Row,F1E57334,2,normal,22.68,10
2025-11-18,Upper (B),Hammer Curl (Dumbbell),7E3BC8B6,0,normal,13.61,12
2025-11-18,Upper (B),Hammer Curl (Dumbbell),7E3BC8B6,1,normal,13.61,12
2025-11-18,Upper (B),Hammer Curl (Dumbbell),7E3BC8B6,2,normal,13.61,12
2025-11-18,Upper (B),Triceps Pushdown,93A552C6,0,normal,13.61,12
2025-11-18,Upper (B),Triceps Pushdown,93A552C6,1,normal,13.61,12
2025-11-18,Upper (B),Triceps Pushdown,93A552C6,2,normal,13.61,12
2025-11-18,Upper (B),Lateral Raise (Cable),BE289E45,0,normal,2.27,10
2025-11-18,Upper (B),Lateral Raise (Cable),BE289E45,1,normal,2.27,10
2025-11-18,Upper (B),Lateral Raise (Cable),BE289E45,2,normal,2.27,10
2025-11-16,Lower (A),Front Squat,5046D0A9,0,normal,0,5
2025-11-16,Lower (A),Front Squat,5046D0A9,1,normal,0,5
2025-11-16,Lower (A),Front Squat,5046D0A9,2,normal,0,5
2025-11-16,Lower (A),Front Squat,5046D0A9,3,normal,0,5
2025-11-16,Lower (A),Romanian Deadlift (Barbell),2B4B7310,0,normal,18.14,8
2025-11-16,Lower (A),Romanian Deadlift (Barbell),2B4B7310,1,normal,18.14,8
2025-11-16,Lower (A),Romanian Deadlift (Barbell),2B4B7310,2,normal,18.14,8
2025-11-16,Lower (A),Romanian Deadlift (Barbell),2B4B7310,3,normal,18.14,8
2025-11-16,Lower (A),Leg Extension (Machine),75A4F6C4,0,normal,11.34,10
2025-11-16,Lower (A),Leg Extension (Machine),75A4F6C4,1,normal,11.34,10
2025-11-16,Lower (A),Leg Extension (Machine),75A4F6C4,2,normal,11.34,10
2025-11-16,Lower (A),Seated Leg Curl (Machine),11A123F3,0,normal,11.34,10
2025-11-16,Lower (A),Seated Leg Curl (Machine),11A123F3,1,normal,11.34,10
2025-11-16,Lower (A),Seated Leg Curl (Machine),11A123F3,2,normal,11.34,10
2025-11-16,Lower (A),Standing Calf Raise (Dumbbell),6DA40660,0,normal,0,10
2025-11-16,Lower (A),Standing Calf Raise (Dumbbell),6DA40660,1,normal,0,10
2025-11-16,Lower (A),Standing Calf Raise (Dumbbell),6DA40660,2,normal,0,10
2025-11-15,Upper (A),Incline Bench Press (Barbell),50DFDFAB,0,normal,20.41,8
2025-11-15,Upper (A),Incline Bench Press (Barbell),50DFDFAB,1,normal,20.41,8
2025-11-15,Upper (A),Incline Bench Press (Barbell),50DFDFAB,2,normal,20.41,8
2025-11-15,Upper (A),Chin Up (Weighted),023943F1,0,normal,0,3
2025-11-15,Upper (A),Chin Up (Weighted),023943F1,1,normal,0,3
2025-11-15,Upper (A),Chin Up (Weighted),023943F1,2,normal,0,3
2025-11-15,Upper (A),Dumbbell Row,F1E57334,0,normal,18.14,10
2025-11-15,Upper (A),Dumbbell Row,F1E57334,1,normal,18.14,10
2025-11-15,Upper (A),Dumbbell Row,F1E57334,2,normal,18.14,10
2025-11-15,Upper (A),Lateral Raise (Dumbbell),422B08F1,0,normal,6.8,8
2025-11-15,Upper (A),Lateral Raise (Dumbbell),422B08F1,1,normal,6.8,8
2025-11-15,Upper (A),Lateral Raise (Dumbbell),422B08F1,2,normal,6.8,8
2025-11-15,Upper (A),Triceps Pushdown,93A552C6,0,normal,11.34,12
2025-11-15,Upper (A),Triceps Pushdown,93A552C6,1,normal,11.34,12
2025-11-15,Upper (A),Triceps Pushdown,93A552C6,2,normal,11.34,12
2025-11-15,Upper (A),Seated Incline Curl (Dumbbell),8BAB2735,0,normal,9.07,10
2025-11-15,Upper (A),Seated Incline Curl (Dumbbell),8BAB2735,1,normal,9.07,10
2025-11-15,Upper (A),Seated Incline Curl (Dumbbell),8BAB2735,2,normal,9.07,10
2025-10-08,Lower (B),Romanian Deadlift (Barbell),2B4B7310,0,normal,22.68,8
2025-10-08,Lower (B),Romanian Deadlift (Barbell),2B4B7310,1,normal,22.68,8
2025-10-08,Lower (B),Romanian Deadlift (Barbell),2B4B7310,2,normal,22.68,8
2025-10-08,Lower (B),Romanian Deadlift (Barbell),2B4B7310,3,normal,22.68,8
2025-10-08,Lower (B),Front Squat,5046D0A9,0,normal,0,7
2025-10-08,Lower (B),Front Squat,5046D0A9,1,normal,0,7
2025-10-08,Lower (B),Front Squat,5046D0A9,2,normal,0,7
2025-10-08,Lower (B),Front Squat,5046D0A9,3,normal,0,7
2025-10-08,Lower (B),Seated Leg Curl (Machine),11A123F3,0,normal,13.61,10
2025-10-08,Lower (B),Seated Leg Curl (Machine),11A123F3,1,normal,13.61,10
2025-10-08,Lower (B),Seated Leg Curl (Machine),11A123F3,2,normal,13.61,10
2025-10-08,Lower (B),Leg Extension (Machine),75A4F6C4,0,normal,13.61,10
2025-10-08,Lower (B),Leg Extension (Machine),75A4F6C4,1,normal,13.61,10
2025-10-08,Lower (B),Leg Extension (Machine),75A4F6C4,2,normal,13.61,10
2025-10-08,Lower (B),Standing Calf Raise (Dumbbell),6DA40660,0,normal,0,11
2025-10-08,Lower (B),Standing Calf Raise (Dumbbell),6DA40660,1,normal,0,11
2025-10-08,Lower (B),Standing Calf Raise (Dumbbell),6DA40660,2,normal,0,11
2025-10-07,Upper (B),Chin Up (Weighted),023943F1,0,warmup,0,3
2025-10-07,Upper (B),Chin Up (Weighted),023943F1,1,normal,4.54,5
2025-10-07,Upper (B),Chin Up (Weighted),023943F1,2,normal,4.54,5
2025-10-07,Upper (B),Chin Up (Weighted),023943F1,3,normal,4.54,5
2025-10-07,Upper (B),Chin Up (Weighted),023943F1,4,failure,4.54,5
2025-10-07,Upper (B),weighted decline pushups,3c7ede12-5382-4d72-bb03-0bc072a33ea0,0,normal,4.54,10
2025-10-07,Upper (B),weighted decline pushups,3c7ede12-5382-4d72-bb03-0bc072a33ea0,1,normal,4.54,10
2025-10-07,Upper (B),weighted decline pushups,3c7ede12-5382-4d72-bb03-0bc072a33ea0,2,normal,4.54,10
2025-10-07,Upper (B),weighted decline pushups,3c7ede12-5382-4d72-bb03-0bc072a33ea0,3,failure,4.54,10
2025-10-07,Upper (B),Single Arm Cable Row,D0C4A899,0,normal,11.34,8
2025-10-07,Upper (B),Single Arm Cable Row,D0C4A899,1,normal,9.07,9
2025-10-07,Upper (B),Single Arm Cable Row,D0C4A899,2,normal,9.07,9
2025-10-07,Upper (B),Triceps Pushdown,93A552C6,0,normal,13.61,12
2025-10-07,Upper (B),Triceps Pushdown,93A552C6,1,normal,13.61,12
2025-10-07,Upper (B),Triceps Pushdown,93A552C6,2,normal,13.61,12
2025-10-05,Lower (A),Front Squat,5046D0A9,0,normal,0,5
2025-10-05,Lower (A),Front Squat,5046D0A9,1,normal,0,5
2025-10-05,Lower (A),Front Squat,5046D0A9,2,normal,0,5
2025-10-05,Lower (A),Front Squat,5046D0A9,3,normal,0,5
2025-10-05,Lower (A),Romanian Deadlift (Barbell),2B4B7310,0,normal,18.14,8
2025-10-05,Lower (A),Romanian Deadlift (Barbell),2B4B7310,1,normal,18.14,8
2025-10-05,Lower (A),Romanian Deadlift (Barbell),2B4B7310,2,normal,18.14,8
2025-10-05,Lower (A),Romanian Deadlift (Barbell),2B4B7310,3,normal,18.14,8
2025-10-05,Lower (A),Leg Extension (Machine),75A4F6C4,0,normal,11.34,10
2025-10-05,Lower (A),Leg Extension (Machine),75A4F6C4,1,normal,11.34,10
2025-10-05,Lower (A),Leg Extension (Machine),75A4F6C4,2,normal,11.34,10
2025-10-05,Lower (A),Seated Leg Curl (Machine),11A123F3,0,normal,11.34,10
2025-10-05,Lower (A),Seated Leg Curl (Machine),11A123F3,1,normal,11.34,10
2025-10-05,Lower (A),Seated Leg Curl (Machine),11A123F3,2,normal,11.34,10
2025-10-05,Lower (A),Standing Calf Raise (Dumbbell),6DA40660,0,normal,0,10
2025-10-05,Lower (A),Standing Calf Raise (Dumbbell),6DA40660,1,normal,0,10
2025-10-05,Lower (A),Standing Calf Raise (Dumbbell),6DA40660,2,normal,0,10
2025-09-05,Lower (A),Front Squat,5046D0A9,0,normal,6.8,8
2025-09-05,Lower (A),Front Squat,5046D0A9,1,normal,6.8,8
2025-09-05,Lower (A),Front Squat,5046D0A9,2,normal,6.8,8
2025-09-05,Lower (A),Front Squat,5046D0A9,3,normal,6.8,8
2025-09-05,Lower (A),Romanian Deadlift (Barbell),2B4B7310,0,normal,36.29,8
2025-09-05,Lower (A),Romanian Deadlift (Barbell),2B4B7310,1,normal,36.29,8
2025-09-05,Lower (A),Romanian Deadlift (Barbell),2B4B7310,2,normal,36.29,8
2025-09-05,Lower (A),Romanian Deadlift (Barbell),2B4B7310,3,normal,36.29,8
2025-09-05,Lower (A),Leg Extension (Machine),75A4F6C4,0,normal,15.88,10
2025-09-05,Lower (A),Leg Extension (Machine),75A4F6C4,1,normal,15.88,10
2025-09-05,Lower (A),Leg Extension (Machine),75A4F6C4,2,normal,15.88,10
2025-09-05,Lower (A),Seated Leg Curl (Machine),11A123F3,0,normal,18.14,10
2025-09-05,Lower (A),Seated Leg Curl (Machine),11A123F3,1,normal,18.14,10
2025-09-05,Lower (A),Seated Leg Curl (Machine),11A123F3,2,normal,18.14,10
2025-09-04,Upper (B),Chin Up (Weighted),023943F1,0,warmup,0,3
2025-09-04,Upper (B),Chin Up (Weighted),023943F1,1,normal,11.34,5
2025-09-04,Upper (B),Chin Up (Weighted),023943F1,2,normal,11.34,5
2025-09-04,Upper (B),Chin Up (Weighted),023943F1,3,normal,11.34,4
2025-09-04,Upper (B),Chin Up (Weighted),023943F1,4,failure,11.34,3
2025-09-04,Upper (B),Incline Bench Press (Barbell),50DFDFAB,0,warmup,20.41,8
2025-09-04,Upper (B),Incline Bench Press (Barbell),50DFDFAB,1,normal,38.56,8
2025-09-04,Upper (B),Incline Bench Press (Barbell),50DFDFAB,2,normal,38.56,8
2025-09-04,Upper (B),Incline Bench Press (Barbell),50DFDFAB,3,normal,38.56,8
2025-09-04,Upper (B),Incline Bench Press (Barbell),50DFDFAB,4,failure,38.56,6
2025-09-04,Upper (B),Dumbbell Row,F1E57334,0,normal,40.82,8
2025-09-04,Upper (B),Dumbbell Row,F1E57334,1,normal,40.82,8
2025-09-04,Upper (B),Hammer Curl (Dumbbell),7E3BC8B6,0,normal,18.14,12
2025-09-04,Upper (B),Hammer Curl (Dumbbell),7E3BC8B6,1,normal,18.14,12
2025-09-04,Upper (B),Triceps Pushdown,93A552C6,0,normal,13.61,12
2025-09-04,Upper (B),Triceps Pushdown,93A552C6,1,normal,13.61,12
2025-09-04,Upper (B),Triceps Pushdown,93A552C6,2,normal,13.61,12
2025-09-04,Upper (B),Lateral Raise (Cable),BE289E45,0,normal,2.27,10
2025-09-04,Upper (B),Lateral Raise (Cable),BE289E45,1,normal,2.27,10
2025-09-04,Upper (B),Lateral Raise (Cable),BE289E45,2,normal,2.27,10
2025-08-18,Upper (A),Chin Up (Weighted),023943F1,0,warmup,0,4
2025-08-18,Upper (A),Chin Up (Weighted),023943F1,1,normal,15.88,4
2025-08-18,Upper (A),Chin Up (Weighted),023943F1,2,normal,15.88,4
2025-08-18,Upper (A),Single Arm Cable Row,D0C4A899,0,normal,11.34,8
2025-08-18,Upper (A),Single Arm Cable Row,D0C4A899,1,normal,11.34,8
2025-08-18,Upper (A),Single Arm Cable Row,D0C4A899,2,normal,11.34,8
2025-08-18,Upper (A),Lateral Raise (Cable),BE289E45,0,normal,3.4,10
2025-08-18,Upper (A),Lateral Raise (Cable),BE289E45,1,normal,3.4,10
2025-08-18,Upper (A),Lateral Raise (Cable),BE289E45,2,normal,3.4,10
2025-08-15,Lower (B),Romanian Deadlift (Barbell),2B4B7310,0,warmup,20.41,5
2025-08-15,Lower (B),Romanian Deadlift (Barbell),2B4B7310,1,warmup,29.48,5
2025-08-15,Lower (B),Romanian Deadlift (Barbell),2B4B7310,2,normal,47.63,7
2025-08-15,Lower (B),Romanian Deadlift (Barbell),2B4B7310,3,normal,47.63,7
2025-08-15,Lower (B),Romanian Deadlift (Barbell),2B4B7310,4,normal,47.63,7
2025-08-15,Lower (B),Romanian Deadlift (Barbell),2B4B7310,5,normal,47.63,7
2025-08-15,Lower (B),Lunge (Dumbbell),B537D09F,0,normal,0,6
2025-08-15,Lower (B),Seated Leg Curl (Machine),11A123F3,0,normal,20.41,10
2025-08-15,Lower (B),Seated Leg Curl (Machine),11A123F3,1,normal,20.41,10
2025-08-15,Lower (B),Seated Leg Curl (Machine),11A123F3,2,normal,20.41,10
2025-08-15,Lower (B),Leg Extension (Machine),75A4F6C4,0,normal,20.41,10
2025-08-15,Lower (B),Leg Extension (Machine),75A4F6C4,1,normal,20.41,10
2025-08-15,Lower (B),Leg Extension (Machine),75A4F6C4,2,normal,20.41,10
2025-08-15,Upper (B),Chin Up (Weighted),023943F1,0,warmup,0,4
2025-08-15,Upper (B),Chin Up (Weighted),023943F1,1,normal,15.88,3
2025-08-15,Upper (B),Chin Up (Weighted),023943F1,2,normal,15.88,3
2025-08-15,Upper (B),Chin Up (Weighted),023943F1,3,normal,15.88,3
2025-08-15,Upper (B),Chin Up (Weighted),023943F1,4,failure,15.88,3
2025-08-15,Upper (B),Incline Bench Press (Barbell),50DFDFAB,0,warmup,20.41,8
2025-08-15,Upper (B),Incline Bench Press (Barbell),50DFDFAB,1,warmup,29.48,5
2025-08-15,Upper (B),Incline Bench Press (Barbell),50DFDFAB,2,normal,47.63,8
2025-08-15,Upper (B),Incline Bench Press (Barbell),50DFDFAB,3,normal,47.63,8
2025-08-15,Upper (B),Incline Bench Press (Barbell),50DFDFAB,4,normal,47.63,8
2025-08-15,Upper (B),Incline Bench Press (Barbell),50DFDFAB,5,failure,47.63,7
2025-08-15,Upper (B),Dumbbell Row,F1E57334,0,normal,36.29,12
2025-08-15,Upper (B),Dumbbell Row,F1E57334,1,normal,36.29,12
2025-08-15,Upper (B),Dumbbell Row,F1E57334,2,normal,36.29,12
2025-08-15,Upper (B),Hammer Curl (Dumbbell),7E3BC8B6,0,normal,22.68,12
2025-08-15,Upper (B),Hammer Curl (Dumbbell),7E3BC8B6,1,normal,22.68,12
2025-08-15,Upper (B),Hammer Curl (Dumbbell),7E3BC8B6,2,normal,22.68,11
2025-08-15,Upper (B),Triceps Pushdown,93A552C6,0,normal,20.41,12
2025-08-15,Upper (B),Triceps Pushdown,93A552C6,1,normal,20.41,12
2025-08-15,Upper (B),Triceps Pushdown,93A552C6,2,normal,20.41,12
2025-08-15,Upper (B),Lateral Raise (Cable),BE289E45,0,normal,2.27,15
2025-08-15,Upper (B),Lateral Raise (Cable),BE289E45,1,normal,2.27,14
2025-08-15,Upper (B),Lateral Raise (Cable),BE289E45,2,normal,2.27,14
2025-08-13,Lower (A),Front Squat,5046D0A9,0,warmup,0,5
2025-08-13,Lower (A),Front Squat,5046D0A9,1,normal,4.54,7
2025-08-13,Lower (A),Front Squat,5046D0A9,2,normal,4.54,7
2025-08-13,Lower (A),Front Squat,5046D0A9,3,normal,4.54,7
2025-08-13,Lower (A),Front Squat,5046D0A9,4,normal,4.54,7
2025-08-13,Lower (A),Front Squat,5046D0A9,5,normal,11.34,7
2025-08-13,Lower (A),Romanian Deadlift (Barbell),2B4B7310,0,warmup,20.41,5
2025-08-13,Lower (A),Romanian Deadlift (Barbell),2B4B7310,1,normal,47.63,6
2025-08-13,Lower (A),Romanian Deadlift (Barbell),2B4B7310,2,normal,47.63,6
2025-08-13,Lower (A),Romanian Deadlift (Barbell),2B4B7310,3,normal,47.63,6
2025-08-13,Lower (A),Romanian Deadlift (Barbell),2B4B7310,4,normal,47.63,6
2025-08-13,Lower (A),Standing Calf Raise (Dumbbell),6DA40660,0,normal,0,12
2025-08-13,Lower (A),Standing Calf Raise (Dumbbell),6DA40660,1,normal,0,12
2025-08-13,Lower (A),Standing Calf Raise (Dumbbell),6DA40660,2,normal,0,12
2025-08-11,Upper (A),Incline Bench Press (Barbell),50DFDFAB,0,warmup,20.41,6
2025-08-11,Upper (A),Incline Bench Press (Barbell),50DFDFAB,1,warmup,29.48,8
2025-08-11,Upper (A),Incline Bench Press (Barbell),50DFDFAB,2,normal,47.63,8
2025-08-11,Upper (A),Incline Bench Press (Barbell),50DFDFAB,3,normal,47.63,8
2025-08-11,Upper (A),Incline Bench Press (Barbell),50DFDFAB,4,normal,47.63,7
2025-08-11,Upper (A),Incline Bench Press (Barbell),50DFDFAB,5,failure,47.63,7
2025-08-11,Upper (A),Chin Up (Weighted),023943F1,0,warmup,0,4
2025-08-11,Upper (A),Chin Up (Weighted),023943F1,1,normal,11.34,5
2025-08-11,Upper (A),Chin Up (Weighted),023943F1,2,normal,11.34,5
2025-08-11,Upper (A),Chin Up (Weighted),023943F1,3,normal,11.34,5
2025-08-11,Upper (A),Chin Up (Weighted),023943F1,4,failure,11.34,5
2025-08-11,Upper (A),Dumbbell Row,F1E57334,0,normal,31.75,12
2025-08-11,Upper (A),Dumbbell Row,F1E57334,1,normal,31.75,12
2025-08-11,Upper (A),Dumbbell Row,F1E57334,2,normal,31.75,12
2025-08-11,Upper (A),Triceps Extension (Dumbbell),3765684D,0,normal,15.88,12
2025-08-11,Upper (A),Triceps Extension (Dumbbell),3765684D,1,normal,15.88,12
2025-08-11,Upper (A),Triceps Extension (Dumbbell),3765684D,2,normal,15.88,12
2025-08-11,Upper (A),Plate Curl,9283ABD5,0,normal,20.41,9
2025-08-11,Upper (A),Plate Curl,9283ABD5,1,normal,20.41,9
2025-08-11,Upper (A),Plate Curl,9283ABD5,2,normal,20.41,9
2025-08-09,Lower (B),Romanian Deadlift (Barbell),2B4B7310,0,warmup,20.41,5
2025-08-09,Lower (B),Romanian Deadlift (Barbell),2B4B7310,1,warmup,29.48,5
2025-08-09,Lower (B),Romanian Deadlift (Barbell),2B4B7310,2,normal,43.09,8
2025-08-09,Lower (B),Romanian Deadlift (Barbell),2B4B7310,3,normal,43.09,8
2025-08-09,Lower (B),Romanian Deadlift (Barbell),2B4B7310,4,normal,43.09,8
2025-08-09,Lower (B),Romanian Deadlift (Barbell),2B4B7310,5,normal,43.09,8
2025-08-09,Lower (B),Lunge (Dumbbell),B537D09F,0,normal,0,7
2025-08-09,Lower (B),Lunge (Dumbbell),B537D09F,1,normal,0,7
2025-08-09,Lower (B),Lunge (Dumbbell),B537D09F,2,normal,0,7
2025-08-09,Lower (B),Lunge (Dumbbell),B537D09F,3,normal,0,7
2025-08-09,Lower (B),Seated Leg Curl (Machine),11A123F3,0,normal,18.14,10
2025-08-09,Lower (B),Seated Leg Curl (Machine),11A123F3,1,normal,20.41,10
2025-08-09,Lower (B),Seated Leg Curl (Machine),11A123F3,2,normal,20.41,10
2025-08-09,Lower (B),Leg Extension (Machine),75A4F6C4,0,normal,20.41,8
2025-08-09,Lower (B),Leg Extension (Machine),75A4F6C4,1,normal,20.41,10
2025-08-09,Lower (B),Leg Extension (Machine),75A4F6C4,2,normal,20.41,10
2025-08-09,Lower (B),Standing Calf Raise (Dumbbell),6DA40660,0,normal,0,11
2025-08-09,Lower (B),Standing Calf Raise (Dumbbell),6DA40660,1,normal,0,11
2025-08-09,Lower (B),Standing Calf Raise (Dumbbell),6DA40660,2,normal,0,11
2025-08-07,Upper (B),Chin Up (Weighted),023943F1,0,warmup,0,3
2025-08-07,Upper (B),Chin Up (Weighted),023943F1,1,normal,11.34,4
2025-08-07,Upper (B),Chin Up (Weighted),023943F1,2,normal,11.34,4
2025-08-07,Upper (B),Chin Up (Weighted),023943F1,3,normal,11.34,4
2025-08-07,Upper (B),Chin Up (Weighted),023943F1,4,failure,11.34,5
2025-08-07,Upper (B),Incline Bench Press (Barbell),50DFDFAB,0,warmup,20.41,5
2025-08-07,Upper (B),Incline Bench Press (Barbell),50DFDFAB,1,warmup,38.56,5
2025-08-07,Upper (B),Incline Bench Press (Barbell),50DFDFAB,2,normal,47.63,7
2025-08-07,Upper (B),Incline Bench Press (Barbell),50DFDFAB,3,normal,47.63,7
2025-08-07,Upper (B),Incline Bench Press (Barbell),50DFDFAB,4,normal,47.63,7
2025-08-07,Upper (B),Incline Bench Press (Barbell),50DFDFAB,5,failure,47.63,7
2025-08-07,Upper (B),Dumbbell Row,F1E57334,0,normal,27.22,12
2025-08-07,Upper (B),Dumbbell Row,F1E57334,1,normal,27.22,12
2025-08-07,Upper (B),Dumbbell Row,F1E57334,2,normal,27.22,12
2025-08-07,Upper (B),Plate Curl,9283ABD5,0,normal,20.41,8
2025-08-07,Upper (B),Plate Curl,9283ABD5,1,normal,20.41,8
2025-08-07,Upper (B),Plate Curl,9283ABD5,2,normal,20.41,8
2025-08-07,Upper (B),Triceps Extension (Dumbbell),3765684D,0,normal,13.61,12
2025-08-07,Upper (B),Triceps Extension (Dumbbell),3765684D,1,normal,13.61,12
2025-08-07,Upper (B),Triceps Extension (Dumbbell),3765684D,2,normal,13.61,12
2025-08-05,Lower (A),Front Squat,5046D0A9,0,warmup,0,3
2025-08-05,Lower (A),Front Squat,5046D0A9,1,normal,4.54,6
2025-08-05,Lower (A),Front Squat,5046D0A9,2,normal,4.54,6
2025-08-05,Lower (A),Front Squat,5046D0A9,3,normal,4.54,6
2025-08-05,Lower (A),Front Squat,5046D0A9,4,normal,4.54,6
2025-08-05,Lower (A),Romanian Deadlift (Barbell),2B4B7310,0,warmup,20.41,5
2025-08-05,Lower (A),Romanian Deadlift (Barbell),2B4B7310,1,normal,43.09,7
2025-08-05,Lower (A),Romanian Deadlift (Barbell),2B4B7310,2,normal,43.09,7
2025-08-05,Lower (A),Romanian Deadlift (Barbell),2B4B7310,3,normal,43.09,7
2025-08-05,Lower (A),Romanian Deadlift (Barbell),2B4B7310,4,normal,43.09,7
2025-08-05,Lower (A),Leg Extension (Machine),75A4F6C4,0,normal,13.61,10
2025-08-05,Lower (A),Leg Extension (Machine),75A4F6C4,1,normal,18.14,10
2025-08-05,Lower (A),Leg Extension (Machine),75A4F6C4,2,normal,18.14,10
2025-08-05,Lower (A),Seated Leg Curl (Machine),11A123F3,0,normal,18.14,10
2025-08-05,Lower (A),Seated Leg Curl (Machine),11A123F3,1,normal,18.14,10
2025-08-05,Lower (A),Seated Leg Curl (Machine),11A123F3,2,normal,18.14,10
2025-08-05,Lower (A),Standing Calf Raise (Dumbbell),6DA40660,0,normal,0,11
2025-08-04,Upper (A),Incline Bench Press (Barbell),50DFDFAB,0,warmup,20.41,8
2025-08-04,Upper (A),Incline Bench Press (Barbell),50DFDFAB,1,warmup,29.48,5
2025-08-04,Upper (A),Incline Bench Press (Barbell),50DFDFAB,2,normal,47.63,7
2025-08-04,Upper (A),Incline Bench Press (Barbell),50DFDFAB,3,normal,47.63,7
2025-08-04,Upper (A),Incline Bench Press (Barbell),50DFDFAB,4,normal,47.63,7
2025-08-04,Upper (A),Incline Bench Press (Barbell),50DFDFAB,5,failure,47.63,6
2025-08-04,Upper (A),Chin Up (Weighted),023943F1,0,warmup,0,3
2025-08-04,Upper (A),Chin Up (Weighted),023943F1,1,normal,11.34,3
2025-08-04,Upper (A),Chin Up (Weighted),023943F1,2,normal,11.34,3
2025-08-04,Upper (A),Chin Up (Weighted),023943F1,3,normal,11.34,4
2025-08-04,Upper (A),Chin Up (Weighted),023943F1,4,failure,11.34,4
2025-08-04,Upper (A),Single Arm Cable Row,D0C4A899,0,normal,9.07,10
2025-08-04,Upper (A),Single Arm Cable Row,D0C4A899,1,normal,9.07,10
2025-08-04,Upper (A),Single Arm Cable Row,D0C4A899,2,normal,9.07,10
2025-08-04,Upper (A),Lateral Raise (Cable),BE289E45,0,normal,2.27,12
2025-08-04,Upper (A),Lateral Raise (Cable),BE289E45,1,normal,2.27,12
2025-08-04,Upper (A),Lateral Raise (Cable),BE289E45,2,normal,2.27,12
2025-08-04,Upper (A),Triceps Pushdown,93A552C6,0,normal,20.41,11
2025-08-04,Upper (A),Triceps Pushdown,93A552C6,1,normal,20.41,11
2025-08-04,Upper (A),Triceps Pushdown,93A552C6,2,normal,20.41,11
2025-08-04,Upper (A),Seated Incline Curl (Dumbbell),8BAB2735,0,normal,18.14,10
2025-08-04,Upper (A),Seated Incline Curl (Dumbbell),8BAB2735,1,normal,18.14,10
2025-08-04,Upper (A),Seated Incline Curl (Dumbbell),8BAB2735,2,normal,18.14,10
2025-08-01,Lower (B),Romanian Deadlift (Barbell),2B4B7310,0,warmup,20.41,5
2025-08-01,Lower (B),Romanian Deadlift (Barbell),2B4B7310,1,warmup,29.48,5
2025-08-01,Lower (B),Romanian Deadlift (Barbell),2B4B7310,2,normal,43.09,6
2025-08-01,Lower (B),Romanian Deadlift (Barbell),2B4B7310,3,normal,43.09,6
2025-08-01,Lower (B),Romanian Deadlift (Barbell),2B4B7310,4,normal,43.09,6
2025-08-01,Lower (B),Romanian Deadlift (Barbell),2B4B7310,5,normal,43.09,6
2025-08-01,Lower (B),Lunge (Dumbbell),B537D09F,0,normal,0,6
2025-08-01,Lower (B),Lunge (Dumbbell),B537D09F,1,normal,0,6
2025-08-01,Lower (B),Lunge (Dumbbell),B537D09F,2,normal,0,6
2025-08-01,Lower (B),Lunge (Dumbbell),B537D09F,3,normal,0,6
2025-08-01,Lower (B),Seated Leg Curl (Machine),11A123F3,0,normal,18.14,9
2025-08-01,Lower (B),Seated Leg Curl (Machine),11A123F3,1,normal,18.14,9
2025-08-01,Lower (B),Seated Leg Curl (Machine),11A123F3,2,normal,18.14,9
2025-08-01,Lower (B),Leg Extension (Machine),75A4F6C4,0,normal,13.61,9
2025-08-01,Lower (B),Leg Extension (Machine),75A4F6C4,1,normal,13.61,9
2025-08-01,Lower (B),Leg Extension (Machine),75A4F6C4,2,normal,13.61,9
2025-08-01,Lower (B),Standing Calf Raise (Dumbbell),6DA40660,0,normal,0,10
2025-08-01,Lower (B),Standing Calf Raise (Dumbbell),6DA40660,1,normal,0,10
2025-08-01,Lower (B),Standing Calf Raise (Dumbbell),6DA40660,2,normal,0,10
2025-07-31,Upper (B),Chin Up (Weighted),023943F1,0,warmup,0,5
2025-07-31,Upper (B),Chin Up (Weighted),023943F1,1,normal,6.8,5
2025-07-31,Upper (B),Chin Up (Weighted),023943F1,2,normal,6.8,5
2025-07-31,Upper (B),Chin Up (Weighted),023943F1,3,normal,6.8,5
2025-07-31,Upper (B),Chin Up (Weighted),023943F1,4,failure,6.8,5
2025-07-31,Upper (B),Incline Bench Press (Barbell),50DFDFAB,0,warmup,20.41,7
2025-07-31,Upper (B),Incline Bench Press (Barbell),50DFDFAB,1,warmup,29.48,6
2025-07-31,Upper (B),Incline Bench Press (Barbell),50DFDFAB,2,normal,47.63,7
2025-07-31,Upper (B),Incline Bench Press (Barbell),50DFDFAB,3,normal,47.63,7
2025-07-31,Upper (B),Incline Bench Press (Barbell),50DFDFAB,4,normal,47.63,6
2025-07-31,Upper (B),Incline Bench Press (Barbell),50DFDFAB,5,failure,47.63,5
2025-07-31,Upper (B),Dumbbell Row,F1E57334,0,normal,22.68,12
2025-07-31,Upper (B),Dumbbell Row,F1E57334,1,normal,22.68,12
2025-07-31,Upper (B),Dumbbell Row,F1E57334,2,normal,22.68,12
2025-07-31,Upper (B),Hammer Curl (Dumbbell),7E3BC8B6,0,normal,22.68,10
2025-07-31,Upper (B),Hammer Curl (Dumbbell),7E3BC8B6,1,normal,22.68,6
2025-07-31,Upper (B),Hammer Curl (Dumbbell),7E3BC8B6,2,normal,22.68,10
2025-07-31,Upper (B),Triceps Pushdown,93A552C6,0,normal,20.41,10
2025-07-31,Upper (B),Triceps Pushdown,93A552C6,1,normal,20.41,10
2025-07-31,Upper (B),Triceps Pushdown,93A552C6,2,normal,20.41,10
2025-07-31,Upper (B),Lateral Raise (Cable),BE289E45,0,normal,2.27,10
2025-07-31,Upper (B),Lateral Raise (Cable),BE289E45,1,normal,2.27,10
2025-07-31,Upper (B),Lateral Raise (Cable),BE289E45,2,normal,2.27,10
2025-07-29,Lower (A),Front Squat,5046D0A9,0,normal,0,8
2025-07-29,Lower (A),Front Squat,5046D0A9,1,normal,0,8
2025-07-29,Lower (A),Front Squat,5046D0A9,2,normal,0,8
2025-07-29,Lower (A),Front Squat,5046D0A9,3,normal,0,8
2025-07-29,Lower (A),Single Leg Romanian Deadlift (Dumbbell),937292AB,0,normal,4.54,8
2025-07-29,Lower (A),Single Leg Romanian Deadlift (Dumbbell),937292AB,1,normal,4.54,8
2025-07-29,Lower (A),Single Leg Romanian Deadlift (Dumbbell),937292AB,2,normal,4.54,8
2025-07-29,Lower (A),Single Leg Romanian Deadlift (Dumbbell),937292AB,3,normal,4.54,8
2025-07-29,Lower (A),Lunge (Dumbbell),B537D09F,0,normal,0,8
2025-07-29,Lower (A),Lunge (Dumbbell),B537D09F,1,normal,0,8
2025-07-29,Lower (A),Lunge (Dumbbell),B537D09F,2,normal,0,2
2025-07-28,Upper (A),Incline Bench Press (Barbell),50DFDFAB,0,warmup,20.41,8
2025-07-28,Upper (A),Incline Bench Press (Barbell),50DFDFAB,1,warmup,29.48,5
2025-07-28,Upper (A),Incline Bench Press (Barbell),50DFDFAB,2,normal,43.09,8
2025-07-28,Upper (A),Incline Bench Press (Barbell),50DFDFAB,3,normal,43.09,8
2025-07-28,Upper (A),Incline Bench Press (Barbell),50DFDFAB,4,normal,43.09,8
2025-07-28,Upper (A),Incline Bench Press (Barbell),50DFDFAB,5,failure,43.09,8
2025-07-28,Upper (A),Chin Up (Weighted),023943F1,0,warmup,0,4
2025-07-28,Upper (A),Chin Up (Weighted),023943F1,1,normal,4.54,5
2025-07-28,Upper (A),Chin Up (Weighted),023943F1,2,normal,4.54,5
2025-07-28,Upper (A),Chin Up (Weighted),023943F1,3,normal,4.54,5
2025-07-28,Upper (A),Chin Up (Weighted),023943F1,4,failure,4.54,6
2025-07-28,Upper (A),Dumbbell Row,F1E57334,0,normal,11.34,10
2025-07-28,Upper (A),Dumbbell Row,F1E57334,1,normal,11.34,10
2025-07-28,Upper (A),Dumbbell Row,F1E57334,2,normal,11.34,10
2025-07-28,Upper (A),Lateral Raise (Dumbbell),422B08F1,0,normal,9.07,8
2025-07-28,Upper (A),Lateral Raise (Dumbbell),422B08F1,1,normal,9.07,8
2025-07-28,Upper (A),Lateral Raise (Dumbbell),422B08F1,2,normal,9.07,8
2025-07-28,Upper (A),Seated Incline Curl (Dumbbell),8BAB2735,0,normal,9.07,10
2025-07-25,Lower,Romanian Deadlift (Barbell),2B4B7310,0,warmup,22.68,5
2025-07-25,Lower,Romanian Deadlift (Barbell),2B4B7310,1,normal,45.36,5
2025-07-25,Lower,Romanian Deadlift (Barbell),2B4B7310,2,normal,45.36,5
2025-07-25,Lower,Romanian Deadlift (Barbell),2B4B7310,3,normal,45.36,5
2025-07-25,Lower,Romanian Deadlift (Barbell),2B4B7310,4,normal,45.36,5
2025-07-25,Lower,Front Squat,5046D0A9,0,normal,0,6
2025-07-25,Lower,Front Squat,5046D0A9,1,normal,0,6
2025-07-25,Lower,Front Squat,5046D0A9,2,normal,0,6
2025-07-25,Lower,Front Squat,5046D0A9,3,normal,0,6
2025-07-25,Lower,Lunge (Barbell),6E6EE645,0,normal,0,5
2025-07-25,Lower,Lunge (Barbell),6E6EE645,1,normal,0,5
2025-07-25,Lower,Lunge (Barbell),6E6EE645,2,normal,0,5
2025-07-25,Lower,Seated Leg Curl (Machine),11A123F3,0,normal,15.88,8
2025-07-25,Lower,Seated Leg Curl (Machine),11A123F3,1,normal,18.14,8
2025-07-25,Lower,Seated Leg Curl (Machine),11A123F3,2,normal,20.41,8
2025-07-24,Upper,Chin Up (Weighted),023943F1,0,warmup,0,3
2025-07-24,Upper,Chin Up (Weighted),023943F1,1,normal,4.54,3
2025-07-24,Upper,Chin Up (Weighted),023943F1,2,normal,4.54,3
2025-07-24,Upper,Chin Up (Weighted),023943F1,3,normal,4.54,3
2025-07-24,Upper,Chin Up (Weighted),023943F1,4,failure,4.54,7
2025-07-24,Upper,Incline Bench Press (Dumbbell),07B38369,0,warmup,18.14,8
2025-07-24,Upper,Incline Bench Press (Dumbbell),07B38369,1,normal,31.75,6
2025-07-24,Upper,Incline Bench Press (Dumbbell),07B38369,2,normal,31.75,6
2025-07-24,Upper,Incline Bench Press (Dumbbell),07B38369,3,failure,31.75,10
2025-07-24,Upper,Dumbbell Row,F1E57334,0,normal,18.14,10
2025-07-24,Upper,Dumbbell Row,F1E57334,1,normal,18.14,10
2025-07-24,Upper,Dumbbell Row,F1E57334,2,normal,18.14,10
2025-07-24,Upper,Triceps Pushdown,93A552C6,0,normal,20.41,8
2025-07-24,Upper,Triceps Pushdown,93A552C6,1,normal,20.41,8
2025-07-24,Upper,Triceps Pushdown,93A552C6,2,normal,20.41,8
2025-07-15,Pull Strength (A),Chin Up (Weighted),023943F1,0,normal,0,5
2025-07-15,Pull Strength (A),Chin Up (Weighted),023943F1,1,normal,0,5
2025-07-15,Pull Strength (A),Chin Up (Weighted),023943F1,2,normal,0,5
2025-07-15,Pull Strength (A),Chin Up (Weighted),023943F1,3,normal,0,5
2025-07-15,Pull Strength (A),Chin Up (Weighted),023943F1,4,failure,0,5
2025-07-15,Pull Strength (A),Single Arm Cable Row,D0C4A899,0,normal,9.07,8
2025-07-15,Pull Strength (A),Single Arm Cable Row,D0C4A899,1,normal,9.07,8
2025-07-15,Pull Strength (A),Single Arm Cable Row,D0C4A899,2,normal,9.07,8
2025-07-14,Push Strength (A),Incline Bench Press (Dumbbell),07B38369,0,warmup,18.14,8
2025-07-14,Push Strength (A),Incline Bench Press (Dumbbell),07B38369,1,normal,31.75,8
2025-07-14,Push Strength (A),Incline Bench Press (Dumbbell),07B38369,2,normal,31.75,8
2025-07-14,Push Strength (A),Incline Bench Press (Dumbbell),07B38369,3,normal,31.75,8
2025-07-14,Push Strength (A),Incline Bench Press (Dumbbell),07B38369,4,normal,31.75,8
2025-07-14,Push Strength (A),Shoulder Press (Dumbbell),878CD1D0,0,normal,22.68,8
2025-07-14,Push Strength (A),Shoulder Press (Dumbbell),878CD1D0,1,normal,22.68,8
2025-07-14,Push Strength (A),Shoulder Press (Dumbbell),878CD1D0,2,normal,22.68,8
2025-07-14,Push Strength (A),Shoulder Press (Dumbbell),878CD1D0,3,normal,22.68,8
2025-07-14,Push Strength (A),Decline Push Up,C43825EA,0,normal,0,10
2025-07-14,Push Strength (A),Decline Push Up,C43825EA,1,normal,0,10
2025-07-14,Push Strength (A),Decline Push Up,C43825EA,2,normal,0,10
2025-07-02,Legs Strength (A),Romanian Deadlift (Barbell),2B4B7310,0,warmup,20.41,5
2025-07-02,Legs Strength (A),Romanian Deadlift (Barbell),2B4B7310,1,warmup,34.02,5
2025-07-02,Legs Strength (A),Romanian Deadlift (Barbell),2B4B7310,2,normal,47.63,7
2025-07-02,Legs Strength (A),Romanian Deadlift (Barbell),2B4B7310,3,normal,47.63,7
2025-07-02,Legs Strength (A),Romanian Deadlift (Barbell),2B4B7310,4,normal,47.63,7
2025-07-02,Legs Strength (A),Front Squat,5046D0A9,0,normal,9.07,7
2025-07-02,Legs Strength (A),Front Squat,5046D0A9,1,normal,9.07,8
2025-07-02,Legs Strength (A),Front Squat,5046D0A9,2,normal,9.07,8
2025-07-02,Legs Strength (A),Seated Leg Curl (Machine),11A123F3,0,normal,22.68,10
2025-07-02,Legs Strength (A),Seated Leg Curl (Machine),11A123F3,1,normal,22.68,10
2025-07-02,Legs Strength (A),Seated Leg Curl (Machine),11A123F3,2,normal,22.68,10
2025-07-02,Legs Strength (A),Assisted Pistol Squats,5BFF35BA,0,normal,0,5
2025-07-02,Legs Strength (A),Assisted Pistol Squats,5BFF35BA,1,normal,0,5
2025-07-02,Legs Strength (A),Assisted Pistol Squats,5BFF35BA,2,normal,0,5
2025-07-02,Legs Strength (A),Hammer Curl (Dumbbell),7E3BC8B6,0,normal,27.22,10
2025-07-02,Legs Strength (A),Hammer Curl (Dumbbell),7E3BC8B6,1,normal,27.22,10
2025-07-02,Legs Strength (A),Hammer Curl (Dumbbell),7E3BC8B6,2,normal,27.22,10
2025-07-01,Pull Strength (A),Chin Up (Weighted),023943F1,0,warmup,0,3
2025-07-01,Pull Strength (A),Chin Up (Weighted),023943F1,1,normal,8.0,4
2025-07-01,Pull Strength (A),Chin Up (Weighted),023943F1,2,normal,8.0,4
2025-07-01,Pull Strength (A),Chin Up (Weighted),023943F1,3,normal,8.0,4
2025-07-01,Pull Strength (A),Chin Up (Weighted),023943F1,4,normal,8.0,4
2025-07-01,Pull Strength (A),Chin Up (Weighted),023943F1,5,failure,8.0,4
2025-07-01,Pull Strength (A),Lat Pulldown (Cable),6A6C31A5,0,normal,40.82,8
2025-07-01,Pull Strength (A),Lat Pulldown (Cable),6A6C31A5,1,normal,40.82,8
2025-07-01,Pull Strength (A),Lat Pulldown (Cable),6A6C31A5,2,normal,40.82,8
2025-07-01,Pull Strength (A),Rear Delt Reverse Fly (Dumbbell),E5988A0A,0,normal,9.07,10
2025-07-01,Pull Strength (A),Rear Delt Reverse Fly (Dumbbell),E5988A0A,1,normal,9.07,10
2025-07-01,Pull Strength (A),Rear Delt Reverse Fly (Dumbbell),E5988A0A,2,normal,9.07,10
2025-07-01,Pull Strength (A),Dumbbell Row,F1E57334,0,normal,22.68,12
2025-07-01,Pull Strength (A),Dumbbell Row,F1E57334,1,normal,22.68,12
2025-07-01,Pull Strength (A),Dumbbell Row,F1E57334,2,normal,22.68,12
2025-07-01,Pull Strength (A),Seated Incline Curl (Dumbbell),8BAB2735,0,normal,18.14,10
2025-07-01,Pull Strength (A),Seated Incline Curl (Dumbbell),8BAB2735,1,normal,18.14,10
2025-07-01,Pull Strength (A),Seated Incline Curl (Dumbbell),8BAB2735,2,normal,18.14,10
2025-06-30,Push Strength (A),Incline Bench Press (Barbell),50DFDFAB,0,warmup,20.41,6
2025-06-30,Push Strength (A),Incline Bench Press (Barbell),50DFDFAB,1,warmup,29.48,5
2025-06-30,Push Strength (A),Incline Bench Press (Barbell),50DFDFAB,2,normal,52.16,7
2025-06-30,Push Strength (A),Incline Bench Press (Barbell),50DFDFAB,3,normal,52.16,7
2025-06-30,Push Strength (A),Incline Bench Press (Barbell),50DFDFAB,4,normal,52.16,7
2025-06-30,Push Strength (A),Incline Bench Press (Barbell),50DFDFAB,5,normal,52.16,7
2025-06-30,Push Strength (A),Overhead Press (Barbell),7B8D84E8,0,normal,29.48,7
2025-06-30,Push Strength (A),Overhead Press (Barbell),7B8D84E8,1,normal,29.48,7
2025-06-30,Push Strength (A),Overhead Press (Barbell),7B8D84E8,2,normal,29.48,7
2025-06-30,Push Strength (A),Overhead Press (Barbell),7B8D84E8,3,normal,29.48,7
2025-06-30,Push Strength (A),Triceps Pushdown,93A552C6,0,normal,22.68,9
2025-06-30,Push Strength (A),Triceps Pushdown,93A552C6,1,normal,22.68,10
2025-06-30,Push Strength (A),Triceps Pushdown,93A552C6,2,normal,22.68,11
2025-06-30,Push Strength (A),Lateral Raise (Cable),BE289E45,0,normal,4.54,8
2025-06-30,Push Strength (A),Lateral Raise (Cable),BE289E45,1,normal,4.54,8
2025-06-30,Push Strength (A),Lateral Raise (Cable),BE289E45,2,normal,4.54,8
2025-06-30,Push Strength (A),Decline Push Up,C43825EA,0,normal,0,10
2025-06-30,Push Strength (A),Decline Push Up,C43825EA,1,normal,0,10
2025-06-30,Push Strength (A),Decline Push Up,C43825EA,2,normal,0,10
2025-06-30,Push Strength (A),Weighted Dead Hang,2f7c6b07-0c40-4ec0-9c0b-9e9491629a93,0,normal,4.54,0
2025-06-30,Push Strength (A),Weighted Dead Hang,2f7c6b07-0c40-4ec0-9c0b-9e9491629a93,1,normal,4.54,0
2025-06-30,Push Strength (A),Weighted Dead Hang,2f7c6b07-0c40-4ec0-9c0b-9e9491629a93,2,normal,4.54,0
2025-06-28,Lower,Romanian Deadlift (Barbell),2B4B7310,0,warmup,29.48,5
2025-06-28,Lower,Romanian Deadlift (Barbell),2B4B7310,1,normal,52.16,6
2025-06-28,Lower,Romanian Deadlift (Barbell),2B4B7310,2,normal,52.16,6
2025-06-28,Lower,Romanian Deadlift (Barbell),2B4B7310,3,normal,52.16,6
2025-06-28,Lower,Romanian Deadlift (Barbell),2B4B7310,4,normal,52.16,6
2025-06-28,Lower,Front Squat,5046D0A9,0,normal,11.34,6
2025-06-28,Lower,Front Squat,5046D0A9,1,normal,11.34,6
2025-06-28,Lower,Front Squat,5046D0A9,2,normal,11.34,6
2025-06-28,Lower,Front Squat,5046D0A9,3,normal,11.34,6
2025-06-28,Lower,Lunge (Barbell),6E6EE645,0,normal,0,6
2025-06-28,Lower,Lunge (Barbell),6E6EE645,1,normal,0,6
2025-06-28,Lower,Lunge (Barbell),6E6EE645,2,normal,0,6
2025-06-28,Lower,Seated Leg Curl (Machine),11A123F3,0,normal,24.95,7
2025-06-28,Lower,Seated Leg Curl (Machine),11A123F3,1,normal,24.95,6
2025-06-28,Lower,Seated Leg Curl (Machine),11A123F3,2,normal,24.95,6
2025-06-27,Upper,Chin Up (Weighted),023943F1,0,warmup,0,3
2025-06-27,Upper,Chin Up (Weighted),023943F1,1,normal,9.07,3
2025-06-27,Upper,Chin Up (Weighted),023943F1,2,normal,9.07,3
2025-06-27,Upper,Chin Up (Weighted),023943F1,3,normal,11.34,3
2025-06-27,Upper,Chin Up (Weighted),023943F1,4,failure,11.34,4
2025-06-27,Upper,Incline Bench Press (Dumbbell),07B38369,0,warmup,22.68,8
2025-06-27,Upper,Incline Bench Press (Dumbbell),07B38369,1,normal,31.75,6
2025-06-27,Upper,Incline Bench Press (Dumbbell),07B38369,2,normal,31.75,6
2025-06-27,Upper,Incline Bench Press (Dumbbell),07B38369,3,failure,31.75,15
2025-06-27,Upper,Bent Over Row (Barbell),55E6546F,0,warmup,20.41,8
2025-06-27,Upper,Bent Over Row (Barbell),55E6546F,1,normal,34.02,6
2025-06-27,Upper,Bent Over Row (Barbell),55E6546F,2,normal,34.02,6
2025-06-27,Upper,Bent Over Row (Barbell),55E6546F,3,normal,34.02,6
2025-06-27,Upper,Triceps Pushdown,93A552C6,0,normal,24.95,7
2025-06-27,Upper,Triceps Pushdown,93A552C6,1,normal,24.95,7
2025-06-27,Upper,Triceps Pushdown,93A552C6,2,normal,24.95,7
2025-06-25,Legs Strength (A),Romanian Deadlift (Barbell),2B4B7310,0,warmup,20.41,5
2025-06-25,Legs Strength (A),Romanian Deadlift (Barbell),2B4B7310,1,warmup,29.48,5
2025-06-25,Legs Strength (A),Romanian Deadlift (Barbell),2B4B7310,2,normal,45.36,8
2025-06-25,Legs Strength (A),Romanian Deadlift (Barbell),2B4B7310,3,normal,45.36,8
2025-06-25,Legs Strength (A),Romanian Deadlift (Barbell),2B4B7310,4,normal,45.36,8
2025-06-25,Legs Strength (A),Front Squat,5046D0A9,0,normal,6.8,8
2025-06-25,Legs Strength (A),Front Squat,5046D0A9,1,normal,6.8,8
2025-06-25,Legs Strength (A),Front Squat,5046D0A9,2,normal,6.8,8
2025-06-25,Legs Strength (A),Seated Leg Curl (Machine),11A123F3,0,normal,20.41,10
2025-06-25,Legs Strength (A),Seated Leg Curl (Machine),11A123F3,1,normal,20.41,10
2025-06-25,Legs Strength (A),Seated Leg Curl (Machine),11A123F3,2,normal,20.41,10
2025-06-25,Legs Strength (A),Assisted Pistol Squats,5BFF35BA,0,normal,0,8
2025-06-25,Legs Strength (A),Assisted Pistol Squats,5BFF35BA,1,normal,0,8
2025-06-25,Legs Strength (A),Assisted Pistol Squats,5BFF35BA,2,normal,0,8
2025-06-25,Legs Strength (A),Hammer Curl (Dumbbell),7E3BC8B6,0,normal,27.22,6
2025-06-25,Legs Strength (A),Hammer Curl (Dumbbell),7E3BC8B6,1,normal,27.22,6
2025-06-25,Legs Strength (A),Hammer Curl (Dumbbell),7E3BC8B6,2,normal,27.22,8
2025-06-24,Pull Strength (A),Chin Up (Weighted),023943F1,0,normal,6.8,3
2025-06-24,Pull Strength (A),Chin Up (Weighted),023943F1,1,normal,6.8,3
2025-06-24,Pull Strength (A),Chin Up (Weighted),023943F1,2,normal,6.8,3
2025-06-24,Pull Strength (A),Chin Up (Weighted),023943F1,3,normal,6.8,3
2025-06-24,Pull Strength (A),Chin Up (Weighted),023943F1,4,failure,6.8,5
2025-06-24,Pull Strength (A),Lat Pulldown (Cable),6A6C31A5,0,normal,36.29,10
2025-06-24,Pull Strength (A),Lat Pulldown (Cable),6A6C31A5,1,normal,36.29,10
2025-06-24,Pull Strength (A),Lat Pulldown (Cable),6A6C31A5,2,normal,36.29,10
2025-06-24,Pull Strength (A),Rear Delt Reverse Fly (Cable),C315DC2A,0,normal,6.8,7
2025-06-24,Pull Strength (A),Rear Delt Reverse Fly (Cable),C315DC2A,1,normal,6.8,7
2025-06-24,Pull Strength (A),Rear Delt Reverse Fly (Cable),C315DC2A,2,normal,6.8,7
2025-06-24,Pull Strength (A),Single Arm Cable Row,D0C4A899,0,normal,15.88,7
2025-06-24,Pull Strength (A),Single Arm Cable Row,D0C4A899,1,normal,15.88,7
2025-06-24,Pull Strength (A),Single Arm Cable Row,D0C4A899,2,normal,15.88,7
2025-06-24,Pull Strength (A),Dumbbell Row,F1E57334,0,normal,22.68,12
2025-06-24,Pull Strength (A),Dumbbell Row,F1E57334,1,normal,22.68,12
2025-06-24,Pull Strength (A),Dumbbell Row,F1E57334,2,normal,22.68,12
2025-06-24,Pull Strength (A),Dumbbell Row,F1E57334,3,warmup,18.14,7
2025-06-24,Pull Strength (A),Seated Incline Curl (Dumbbell),8BAB2735,0,normal,18.14,10
2025-06-24,Pull Strength (A),Seated Incline Curl (Dumbbell),8BAB2735,1,normal,18.14,9
2025-06-24,Pull Strength (A),Seated Incline Curl (Dumbbell),8BAB2735,2,normal,18.14,9
2025-06-23,Push Strength (A),Incline Bench Press (Barbell),50DFDFAB,0,warmup,20.41,8
2025-06-23,Push Strength (A),Incline Bench Press (Barbell),50DFDFAB,1,warmup,29.48,5
2025-06-23,Push Strength (A),Incline Bench Press (Barbell),50DFDFAB,2,normal,49.9,8
2025-06-23,Push Strength (A),Incline Bench Press (Barbell),50DFDFAB,3,normal,49.9,7
2025-06-23,Push Strength (A),Incline Bench Press (Barbell),50DFDFAB,4,normal,49.9,7
2025-06-23,Push Strength (A),Incline Bench Press (Barbell),50DFDFAB,5,normal,49.9,7
2025-06-23,Push Strength (A),Shoulder Press (Dumbbell),878CD1D0,0,normal,27.22,10
2025-06-23,Push Strength (A),Shoulder Press (Dumbbell),878CD1D0,1,normal,27.22,10
2025-06-23,Push Strength (A),Shoulder Press (Dumbbell),878CD1D0,2,normal,27.22,10
2025-06-23,Push Strength (A),Shoulder Press (Dumbbell),878CD1D0,3,normal,27.22,10
2025-06-23,Push Strength (A),Triceps Pushdown,93A552C6,0,normal,20.41,12
2025-06-23,Push Strength (A),Triceps Pushdown,93A552C6,1,normal,20.41,12
2025-06-23,Push Strength (A),Triceps Pushdown,93A552C6,2,normal,20.41,12
2025-06-23,Push Strength (A),Lateral Raise (Cable),BE289E45,0,normal,4.54,7
2025-06-23,Push Strength (A),Lateral Raise (Cable),BE289E45,1,normal,4.54,7
2025-06-23,Push Strength (A),Lateral Raise (Cable),BE289E45,2,normal,4.54,7
2025-06-23,Push Strength (A),Decline Push Up,C43825EA,0,normal,0,10
2025-06-23,Push Strength (A),Decline Push Up,C43825EA,1,normal,0,10
2025-06-23,Push Strength (A),Decline Push Up,C43825EA,2,normal,0,10
2025-06-23,Push Strength (A),Weighted Dead Hang,2f7c6b07-0c40-4ec0-9c0b-9e9491629a93,0,normal,4.54,0
2025-06-23,Push Strength (A),Weighted Dead Hang,2f7c6b07-0c40-4ec0-9c0b-9e9491629a93,1,normal,4.54,0
2025-06-23,Push Strength (A),Weighted Dead Hang,2f7c6b07-0c40-4ec0-9c0b-9e9491629a93,2,normal,4.54,0
2025-06-19,Pull Strength (A),Chin Up (Weighted),023943F1,0,normal,4.54,5
2025-06-19,Pull Strength (A),Chin Up (Weighted),023943F1,1,normal,4.54,5
2025-06-19,Pull Strength (A),Chin Up (Weighted),023943F1,2,normal,4.54,5
2025-06-19,Pull Strength (A),Chin Up (Weighted),023943F1,3,normal,4.54,5
2025-06-19,Pull Strength (A),Chin Up (Weighted),023943F1,4,failure,4.54,5
2025-06-19,Pull Strength (A),Lat Pulldown (Cable),6A6C31A5,0,normal,40.82,9
2025-06-19,Pull Strength (A),Lat Pulldown (Cable),6A6C31A5,1,normal,40.82,9
2025-06-19,Pull Strength (A),Lat Pulldown (Cable),6A6C31A5,2,normal,40.82,10
2025-06-19,Pull Strength (A),Rear Delt Reverse Fly (Cable),C315DC2A,0,normal,6.8,6
2025-06-19,Pull Strength (A),Rear Delt Reverse Fly (Cable),C315DC2A,1,normal,6.8,6
2025-06-19,Pull Strength (A),Rear Delt Reverse Fly (Cable),C315DC2A,2,normal,6.8,6
2025-06-19,Pull Strength (A),Single Arm Cable Row,D0C4A899,0,normal,13.61,10
2025-06-19,Pull Strength (A),Single Arm Cable Row,D0C4A899,1,normal,13.61,10
2025-06-19,Pull Strength (A),Single Arm Cable Row,D0C4A899,2,normal,13.61,10
2025-06-19,Pull Strength (A),Dumbbell Row,F1E57334,0,normal,22.68,12
2025-06-19,Pull Strength (A),Dumbbell Row,F1E57334,1,normal,22.68,12
2025-06-19,Pull Strength (A),Dumbbell Row,F1E57334,2,normal,22.68,12
2025-06-19,Pull Strength (A),Seated Incline Curl (Dumbbell),8BAB2735,0,normal,13.61,12
2025-06-19,Pull Strength (A),Seated Incline Curl (Dumbbell),8BAB2735,1,normal,13.61,12
2025-06-19,Pull Strength (A),Seated Incline Curl (Dumbbell),8BAB2735,2,normal,13.61,12
2025-06-18,Push Strength (A),Incline Bench Press (Barbell),50DFDFAB,0,warmup,20.41,5
2025-06-18,Push Strength (A),Incline Bench Press (Barbell),50DFDFAB,1,warmup,29.48,5
2025-06-18,Push Strength (A),Incline Bench Press (Barbell),50DFDFAB,2,normal,49.9,6
2025-06-18,Push Strength (A),Incline Bench Press (Barbell),50DFDFAB,3,normal,49.9,6
2025-06-18,Push Strength (A),Incline Bench Press (Barbell),50DFDFAB,4,normal,49.9,6
2025-06-18,Push Strength (A),Incline Bench Press (Barbell),50DFDFAB,5,normal,49.9,5
2025-06-18,Push Strength (A),Shoulder Press (Dumbbell),878CD1D0,0,normal,31.75,8
2025-06-18,Push Strength (A),Shoulder Press (Dumbbell),878CD1D0,1,normal,31.75,8
2025-06-18,Push Strength (A),Shoulder Press (Dumbbell),878CD1D0,2,normal,31.75,8
2025-06-18,Push Strength (A),Shoulder Press (Dumbbell),878CD1D0,3,normal,31.75,8
2025-06-18,Push Strength (A),Shoulder Press (Dumbbell),878CD1D0,4,warmup,27.22,6
2025-06-18,Push Strength (A),Triceps Pushdown,93A552C6,0,normal,22.68,8
2025-06-18,Push Strength (A),Lateral Raise (Cable),BE289E45,0,normal,4.54,6
2025-06-18,Push Strength (A),Lateral Raise (Cable),BE289E45,1,normal,4.54,6
2025-06-18,Push Strength (A),Lateral Raise (Cable),BE289E45,2,normal,4.54,6
2025-06-16,Legs Strength (A),Romanian Deadlift (Barbell),2B4B7310,0,warmup,20.41,5
2025-06-16,Legs Strength (A),Romanian Deadlift (Barbell),2B4B7310,1,warmup,29.48,5
2025-06-16,Legs Strength (A),Romanian Deadlift (Barbell),2B4B7310,2,normal,43.09,8
2025-06-16,Legs Strength (A),Romanian Deadlift (Barbell),2B4B7310,3,normal,43.09,8
2025-06-16,Legs Strength (A),Romanian Deadlift (Barbell),2B4B7310,4,normal,43.09,8
2025-06-16,Legs Strength (A),Front Squat,5046D0A9,0,normal,4.54,8
2025-06-16,Legs Strength (A),Front Squat,5046D0A9,1,normal,4.54,8
2025-06-16,Legs Strength (A),Front Squat,5046D0A9,2,normal,4.54,8
2025-06-16,Legs Strength (A),Seated Leg Curl (Machine),11A123F3,0,normal,22.68,9
2025-06-16,Legs Strength (A),Seated Leg Curl (Machine),11A123F3,1,normal,22.68,9
2025-06-16,Legs Strength (A),Seated Leg Curl (Machine),11A123F3,2,normal,22.68,9
2025-06-16,Legs Strength (A),Assisted Pistol Squats,5BFF35BA,0,normal,0,6
2025-06-16,Legs Strength (A),Assisted Pistol Squats,5BFF35BA,1,normal,0,6
2025-06-16,Legs Strength (A),Hammer Curl (Dumbbell),7E3BC8B6,0,normal,22.68,12
2025-06-16,Legs Strength (A),Hammer Curl (Dumbbell),7E3BC8B6,1,normal,22.68,12
2025-06-16,Legs Strength (A),Hammer Curl (Dumbbell),7E3BC8B6,2,normal,22.68,12
2025-06-15,Pull Strength (A),Chin Up (Weighted),023943F1,0,normal,4.54,4
2025-06-15,Pull Strength (A),Chin Up (Weighted),023943F1,1,normal,4.54,4
2025-06-15,Pull Strength (A),Chin Up (Weighted),023943F1,2,normal,4.54,4
2025-06-15,Pull Strength (A),Chin Up (Weighted),023943F1,3,normal,4.54,4
2025-06-15,Pull Strength (A),Chin Up (Weighted),023943F1,4,failure,4.54,5
2025-06-15,Pull Strength (A),Lat Pulldown (Cable),6A6C31A5,0,normal,40.82,10
2025-06-15,Pull Strength (A),Lat Pulldown (Cable),6A6C31A5,1,normal,40.82,8
2025-06-15,Pull Strength (A),Lat Pulldown (Cable),6A6C31A5,2,normal,40.82,8
2025-06-15,Pull Strength (A),Rear Delt Reverse Fly (Cable),C315DC2A,0,normal,4.54,12
2025-06-15,Pull Strength (A),Rear Delt Reverse Fly (Cable),C315DC2A,1,normal,4.54,12
2025-06-15,Pull Strength (A),Rear Delt Reverse Fly (Cable),C315DC2A,2,normal,4.54,12
2025-06-15,Pull Strength (A),Single Arm Cable Row,D0C4A899,0,normal,13.61,9
2025-06-15,Pull Strength (A),Single Arm Cable Row,D0C4A899,1,normal,13.61,9
2025-06-15,Pull Strength (A),Single Arm Cable Row,D0C4A899,2,normal,13.61,9
2025-06-15,Pull Strength (A),Dumbbell Row,F1E57334,0,normal,22.68,11
2025-06-15,Pull Strength (A),Dumbbell Row,F1E57334,1,normal,20.41,12
2025-06-15,Pull Strength (A),Dumbbell Row,F1E57334,2,normal,20.41,12
2025-06-15,Pull Strength (A),Seated Incline Curl (Dumbbell),8BAB2735,0,normal,11.34,12
2025-06-15,Pull Strength (A),Seated Incline Curl (Dumbbell),8BAB2735,1,normal,11.34,12
2025-06-15,Pull Strength (A),Seated Incline Curl (Dumbbell),8BAB2735,2,normal,11.34,12
2025-06-14,Push Strength (A),Incline Bench Press (Barbell),50DFDFAB,0,warmup,20.41,5
2025-06-14,Push Strength (A),Incline Bench Press (Barbell),50DFDFAB,1,warmup,29.48,5
2025-06-14,Push Strength (A),Incline Bench Press (Barbell),50DFDFAB,2,normal,47.63,8
2025-06-14,Push Strength (A),Incline Bench Press (Barbell),50DFDFAB,3,normal,47.63,8
2025-06-14,Push Strength (A),Incline Bench Press (Barbell),50DFDFAB,4,normal,47.63,8
2025-06-14,Push Strength (A),Incline Bench Press (Barbell),50DFDFAB,5,normal,47.63,8
2025-06-14,Push Strength (A),Shoulder Press (Dumbbell),878CD1D0,0,normal,36.29,7
2025-06-14,Push Strength (A),Shoulder Press (Dumbbell),878CD1D0,1,normal,36.29,5
2025-06-14,Push Strength (A),Shoulder Press (Dumbbell),878CD1D0,2,normal,31.75,8
2025-06-14,Push Strength (A),Shoulder Press (Dumbbell),878CD1D0,3,normal,31.75,8
2025-06-14,Push Strength (A),Triceps Pushdown,93A552C6,0,normal,22.68,8
2025-06-14,Push Strength (A),Triceps Pushdown,93A552C6,1,normal,22.68,11
2025-06-14,Push Strength (A),Triceps Pushdown,93A552C6,2,normal,22.68,11
2025-06-14,Push Strength (A),Lateral Raise (Cable),BE289E45,0,normal,3.4,10
2025-06-14,Push Strength (A),Lateral Raise (Cable),BE289E45,1,normal,3.4,10
2025-06-14,Push Strength (A),Lateral Raise (Cable),BE289E45,2,normal,3.4,10
2025-06-14,Push Strength (A),Push Up (Weighted),19372ABC,0,normal,11.34,10
2025-06-14,Push Strength (A),Push Up (Weighted),19372ABC,1,normal,11.34,11
2025-06-14,Push Strength (A),Push Up (Weighted),19372ABC,2,normal,11.34,11
2025-06-14,Push Strength (A),Weighted Dead Hang,2f7c6b07-0c40-4ec0-9c0b-9e9491629a93,0,normal,2.27,0
2025-06-14,Push Strength (A),Weighted Dead Hang,2f7c6b07-0c40-4ec0-9c0b-9e9491629a93,1,normal,2.27,0
2025-06-14,Push Strength (A),Weighted Dead Hang,2f7c6b07-0c40-4ec0-9c0b-9e9491629a93,2,normal,2.27,0
2025-06-13,Legs Strength (A),Romanian Deadlift (Barbell),2B4B7310,0,normal,38.56,8
2025-06-13,Legs Strength (A),Romanian Deadlift (Barbell),2B4B7310,1,normal,38.56,8
2025-06-13,Legs Strength (A),Romanian Deadlift (Barbell),2B4B7310,2,normal,38.56,8
2025-06-13,Legs Strength (A),Front Squat,5046D0A9,0,normal,2.27,8
2025-06-13,Legs Strength (A),Front Squat,5046D0A9,1,normal,2.27,8
2025-06-13,Legs Strength (A),Front Squat,5046D0A9,2,normal,2.27,8
2025-06-13,Legs Strength (A),Seated Leg Curl (Machine),11A123F3,0,normal,22.68,8
2025-06-13,Legs Strength (A),Seated Leg Curl (Machine),11A123F3,1,normal,22.68,8
2025-06-13,Legs Strength (A),Seated Leg Curl (Machine),11A123F3,2,normal,22.68,9
2025-06-13,Legs Strength (A),Assisted Pistol Squats,5BFF35BA,0,normal,0,5
2025-06-13,Legs Strength (A),Assisted Pistol Squats,5BFF35BA,1,normal,0,5
2025-06-13,Legs Strength (A),Assisted Pistol Squats,5BFF35BA,2,normal,0,5
2025-06-13,Legs Strength (A),Hammer Curl (Dumbbell),7E3BC8B6,0,normal,22.68,11
2025-06-13,Legs Strength (A),Hammer Curl (Dumbbell),7E3BC8B6,1,normal,22.68,12
2025-06-13,Legs Strength (A),Hammer Curl (Dumbbell),7E3BC8B6,2,normal,22.68,12
2025-06-12,Pull Strength (A),Chin Up (Weighted),023943F1,0,normal,4.54,3
2025-06-12,Pull Strength (A),Chin Up (Weighted),023943F1,1,normal,4.54,3
2025-06-12,Pull Strength (A),Chin Up (Weighted),023943F1,2,normal,4.54,4
2025-06-12,Pull Strength (A),Chin Up (Weighted),023943F1,3,normal,4.54,3
2025-06-12,Pull Strength (A),Chin Up (Weighted),023943F1,4,failure,4.54,3
2025-06-12,Pull Strength (A),Lat Pulldown (Cable),6A6C31A5,0,normal,36.29,10
2025-06-12,Pull Strength (A),Lat Pulldown (Cable),6A6C31A5,1,normal,36.29,10
2025-06-12,Pull Strength (A),Lat Pulldown (Cable),6A6C31A5,2,normal,36.29,10
2025-06-12,Pull Strength (A),Rear Delt Reverse Fly (Cable),C315DC2A,0,normal,4.54,12
2025-06-12,Pull Strength (A),Rear Delt Reverse Fly (Cable),C315DC2A,1,normal,4.54,12
2025-06-12,Pull Strength (A),Rear Delt Reverse Fly (Cable),C315DC2A,2,normal,4.54,10
2025-06-12,Pull Strength (A),Single Arm Cable Row,D0C4A899,0,normal,13.61,8
2025-06-12,Pull Strength (A),Single Arm Cable Row,D0C4A899,1,normal,13.61,8
2025-06-12,Pull Strength (A),Single Arm Cable Row,D0C4A899,2,normal,13.61,8
2025-06-12,Pull Strength (A),Dumbbell Row,F1E57334,0,normal,22.68,10
2025-06-12,Pull Strength (A),Dumbbell Row,F1E57334,1,normal,22.68,10
2025-06-12,Pull Strength (A),Dumbbell Row,F1E57334,2,normal,22.68,10
2025-06-12,Pull Strength (A),Single Arm Curl (Cable),B33B526E,0,normal,9.07,10
2025-06-12,Pull Strength (A),Single Arm Curl (Cable),B33B526E,1,normal,13.61,10
2025-06-12,Pull Strength (A),Single Arm Curl (Cable),B33B526E,2,normal,13.61,10
2025-06-11,Push Strength (A),Incline Bench Press (Barbell),50DFDFAB,0,warmup,20.41,8
2025-06-11,Push Strength (A),Incline Bench Press (Barbell),50DFDFAB,1,normal,43.09,8
2025-06-11,Push Strength (A),Incline Bench Press (Barbell),50DFDFAB,2,normal,43.09,8
2025-06-11,Push Strength (A),Incline Bench Press (Barbell),50DFDFAB,3,normal,43.09,8
2025-06-11,Push Strength (A),Incline Bench Press (Barbell),50DFDFAB,4,normal,43.09,10
2025-06-11,Push Strength (A),Shoulder Press (Dumbbell),878CD1D0,0,normal,36.29,6
2025-06-11,Push Strength (A),Shoulder Press (Dumbbell),878CD1D0,1,normal,36.29,6
2025-06-11,Push Strength (A),Shoulder Press (Dumbbell),878CD1D0,2,normal,36.29,6
2025-06-11,Push Strength (A),Shoulder Press (Dumbbell),878CD1D0,3,normal,36.29,6
2025-06-11,Push Strength (A),Triceps Pushdown,93A552C6,0,normal,20.41,12
2025-06-11,Push Strength (A),Triceps Pushdown,93A552C6,1,normal,20.41,12
2025-06-11,Push Strength (A),Triceps Pushdown,93A552C6,2,normal,20.41,12
2025-06-11,Push Strength (A),Lateral Raise (Cable),BE289E45,0,normal,3.4,9
2025-06-11,Push Strength (A),Lateral Raise (Cable),BE289E45,1,normal,3.4,9
2025-06-11,Push Strength (A),Lateral Raise (Cable),BE289E45,2,normal,3.4,9
2025-06-11,Push Strength (A),Push Up (Weighted),19372ABC,0,normal,11.34,9
2025-06-11,Push Strength (A),Push Up (Weighted),19372ABC,1,normal,11.34,9
2025-06-11,Push Strength (A),Push Up (Weighted),19372ABC,2,normal,11.34,9
2025-06-11,Push Strength (A),Weighted Dead Hang,2f7c6b07-0c40-4ec0-9c0b-9e9491629a93,0,normal,2.27,0
2025-06-11,Push Strength (A),Weighted Dead Hang,2f7c6b07-0c40-4ec0-9c0b-9e9491629a93,1,normal,2.27,0
2025-06-11,Push Strength (A),Weighted Dead Hang,2f7c6b07-0c40-4ec0-9c0b-9e9491629a93,2,normal,2.27,0
2025-06-09,Legs Strength (A),Romanian Deadlift (Barbell),2B4B7310,0,normal,34.02,8
2025-06-09,Legs Strength (A),Romanian Deadlift (Barbell),2B4B7310,1,normal,34.02,8
2025-06-09,Legs Strength (A),Romanian Deadlift (Barbell),2B4B7310,2,normal,34.02,8
2025-06-09,Legs Strength (A),Front Squat,5046D0A9,0,normal,2.27,6
2025-06-09,Legs Strength (A),Front Squat,5046D0A9,1,normal,2.27,6
2025-06-09,Legs Strength (A),Front Squat,5046D0A9,2,normal,2.27,6
2025-06-09,Legs Strength (A),Seated Leg Curl (Machine),11A123F3,0,normal,22.68,8
2025-06-09,Legs Strength (A),Seated Leg Curl (Machine),11A123F3,1,normal,22.68,8
2025-06-09,Legs Strength (A),Seated Leg Curl (Machine),11A123F3,2,normal,22.68,8
2025-06-09,Legs Strength (A),Assisted Pistol Squats,5BFF35BA,0,normal,0,5
2025-06-09,Legs Strength (A),Assisted Pistol Squats,5BFF35BA,1,normal,0,5
2025-06-09,Legs Strength (A),Assisted Pistol Squats,5BFF35BA,2,normal,0,5
2025-06-09,Legs Strength (A),Hammer Curl (Dumbbell),7E3BC8B6,0,normal,22.68,10
2025-06-09,Legs Strength (A),Hammer Curl (Dumbbell),7E3BC8B6,1,normal,22.68,10
2025-06-09,Legs Strength (A),Hammer Curl (Dumbbell),7E3BC8B6,2,normal,22.68,10
2025-06-08,Pull Strength (A),Chin Up (Weighted),023943F1,0,normal,2.27,5
2025-06-08,Pull Strength (A),Chin Up (Weighted),023943F1,1,normal,2.27,5
2025-06-08,Pull Strength (A),Chin Up (Weighted),023943F1,2,normal,2.27,5
2025-06-08,Pull Strength (A),Chin Up (Weighted),023943F1,3,normal,2.27,5
2025-06-08,Pull Strength (A),Chin Up (Weighted),023943F1,4,failure,2.27,5
2025-06-08,Pull Strength (A),Lat Pulldown (Cable),6A6C31A5,0,normal,36.29,8
2025-06-08,Pull Strength (A),Lat Pulldown (Cable),6A6C31A5,1,normal,36.29,8
2025-06-08,Pull Strength (A),Lat Pulldown (Cable),6A6C31A5,2,normal,36.29,8
2025-06-08,Pull Strength (A),Rear Delt Reverse Fly (Cable),C315DC2A,0,normal,4.54,10
2025-06-08,Pull Strength (A),Rear Delt Reverse Fly (Cable),C315DC2A,1,normal,4.54,10
2025-06-08,Pull Strength (A),Rear Delt Reverse Fly (Cable),C315DC2A,2,normal,4.54,10
2025-06-08,Pull Strength (A),Single Arm Cable Row,D0C4A899,0,normal,13.61,7
2025-06-08,Pull Strength (A),Single Arm Cable Row,D0C4A899,1,normal,13.61,7
2025-06-08,Pull Strength (A),Single Arm Cable Row,D0C4A899,2,normal,13.61,7
2025-06-08,Pull Strength (A),Dumbbell Row,F1E57334,0,normal,18.14,10
2025-06-08,Pull Strength (A),Dumbbell Row,F1E57334,1,normal,18.14,10
2025-06-08,Pull Strength (A),Dumbbell Row,F1E57334,2,normal,18.14,10
2025-06-08,Pull Strength (A),Seated Incline Curl (Dumbbell),8BAB2735,0,normal,11.34,11
2025-06-08,Pull Strength (A),Seated Incline Curl (Dumbbell),8BAB2735,1,normal,11.34,11
2025-06-08,Pull Strength (A),Seated Incline Curl (Dumbbell),8BAB2735,2,normal,11.34,11
2025-06-07,Push Strength (A),Incline Bench Press (Barbell),50DFDFAB,0,warmup,20.41,5
2025-06-07,Push Strength (A),Incline Bench Press (Barbell),50DFDFAB,1,normal,38.56,8
2025-06-07,Push Strength (A),Incline Bench Press (Barbell),50DFDFAB,2,normal,38.56,8
2025-06-07,Push Strength (A),Incline Bench Press (Barbell),50DFDFAB,3,normal,38.56,8
2025-06-07,Push Strength (A),Incline Bench Press (Barbell),50DFDFAB,4,normal,38.56,8
2025-06-07,Push Strength (A),Shoulder Press (Dumbbell),878CD1D0,0,normal,31.75,8
2025-06-07,Push Strength (A),Shoulder Press (Dumbbell),878CD1D0,1,normal,31.75,8
2025-06-07,Push Strength (A),Shoulder Press (Dumbbell),878CD1D0,2,normal,31.75,8
2025-06-07,Push Strength (A),Shoulder Press (Dumbbell),878CD1D0,3,normal,31.75,8
2025-06-07,Push Strength (A),Triceps Pushdown,93A552C6,0,normal,18.14,12
2025-06-07,Push Strength (A),Triceps Pushdown,93A552C6,1,normal,18.14,12
2025-06-07,Push Strength (A),Triceps Pushdown,93A552C6,2,normal,18.14,12
2025-06-07,Push Strength (A),Lateral Raise (Cable),BE289E45,0,normal,3.4,8
2025-06-07,Push Strength (A),Lateral Raise (Cable),BE289E45,1,normal,3.4,8
2025-06-07,Push Strength (A),Lateral Raise (Cable),BE289E45,2,normal,3.4,8
2025-06-07,Push Strength (A),Push Up (Weighted),19372ABC,0,normal,11.34,5
2025-06-07,Push Strength (A),Push Up (Weighted),19372ABC,1,normal,11.34,9
2025-06-07,Push Strength (A),Push Up (Weighted),19372ABC,2,normal,11.34,10
2025-06-07,Push Strength (A),Weighted Dead Hang,2f7c6b07-0c40-4ec0-9c0b-9e9491629a93,1,normal,2.27,0
2025-06-07,Push Strength (A),Weighted Dead Hang,2f7c6b07-0c40-4ec0-9c0b-9e9491629a93,2,normal,2.27,0
2025-06-06,Legs Strength (A),Romanian Deadlift (Barbell),2B4B7310,0,normal,29.48,8
2025-06-06,Legs Strength (A),Romanian Deadlift (Barbell),2B4B7310,1,normal,29.48,8
2025-06-06,Legs Strength (A),Romanian Deadlift (Barbell),2B4B7310,2,normal,29.48,8
2025-06-06,Legs Strength (A),Front Squat,5046D0A9,0,normal,0,8
2025-06-06,Legs Strength (A),Front Squat,5046D0A9,1,normal,0,8
2025-06-06,Legs Strength (A),Front Squat,5046D0A9,2,normal,0,8
2025-06-06,Legs Strength (A),Seated Leg Curl (Machine),11A123F3,0,normal,20.41,10
2025-06-06,Legs Strength (A),Seated Leg Curl (Machine),11A123F3,1,normal,20.41,10
2025-06-06,Legs Strength (A),Seated Leg Curl (Machine),11A123F3,2,normal,20.41,10
2025-06-06,Legs Strength (A),Assisted Pistol Squats,5BFF35BA,0,normal,0,8
2025-06-06,Legs Strength (A),Assisted Pistol Squats,5BFF35BA,1,normal,0,8
2025-06-06,Legs Strength (A),Assisted Pistol Squats,5BFF35BA,2,normal,0,8
2025-06-06,Legs Strength (A),Hammer Curl (Dumbbell),7E3BC8B6,0,normal,18.14,10
2025-06-06,Legs Strength (A),Hammer Curl (Dumbbell),7E3BC8B6,1,normal,18.14,10
2025-06-06,Legs Strength (A),Hammer Curl (Dumbbell),7E3BC8B6,2,normal,18.14,10
2025-06-05,Pull Strength (A),Chin Up (Weighted),023943F1,0,normal,0,6
2025-06-05,Pull Strength (A),Chin Up (Weighted),023943F1,1,normal,0,6
2025-06-05,Pull Strength (A),Chin Up (Weighted),023943F1,2,normal,0,5
2025-06-05,Pull Strength (A),Chin Up (Weighted),023943F1,3,normal,0,4
2025-06-05,Pull Strength (A),Chin Up (Weighted),023943F1,4,failure,0,4
2025-06-05,Pull Strength (A),Lat Pulldown (Cable),6A6C31A5,0,normal,36.29,8
2025-06-05,Pull Strength (A),Lat Pulldown (Cable),6A6C31A5,1,normal,36.29,7
2025-06-05,Pull Strength (A),Lat Pulldown (Cable),6A6C31A5,2,normal,36.29,8
2025-06-05,Pull Strength (A),Single Arm Cable Row,D0C4A899,0,normal,11.34,10
2025-06-05,Pull Strength (A),Single Arm Cable Row,D0C4A899,1,normal,11.34,10
2025-06-05,Pull Strength (A),Single Arm Cable Row,D0C4A899,2,normal,11.34,10
2025-06-05,Pull Strength (A),Dumbbell Row,F1E57334,0,normal,15.88,10
2025-06-05,Pull Strength (A),Dumbbell Row,F1E57334,1,normal,15.88,10
2025-06-05,Pull Strength (A),Dumbbell Row,F1E57334,2,normal,15.88,10
2025-06-05,Pull Strength (A),Seated Incline Curl (Dumbbell),8BAB2735,0,normal,11.34,10
2025-06-05,Pull Strength (A),Seated Incline Curl (Dumbbell),8BAB2735,1,normal,11.34,10
2025-06-05,Pull Strength (A),Seated Incline Curl (Dumbbell),8BAB2735,2,normal,11.34,10
2025-06-04,Push Strength (A),Incline Bench Press (Barbell),50DFDFAB,0,normal,36.29,8
2025-06-04,Push Strength (A),Incline Bench Press (Barbell),50DFDFAB,1,normal,36.29,8
2025-06-04,Push Strength (A),Incline Bench Press (Barbell),50DFDFAB,2,normal,36.29,8
2025-06-04,Push Strength (A),Incline Bench Press (Barbell),50DFDFAB,3,normal,36.29,8
2025-06-04,Push Strength (A),Shoulder Press (Dumbbell),878CD1D0,0,normal,27.22,8
2025-06-04,Push Strength (A),Shoulder Press (Dumbbell),878CD1D0,1,normal,27.22,8
2025-06-04,Push Strength (A),Shoulder Press (Dumbbell),878CD1D0,2,normal,27.22,8
2025-06-04,Push Strength (A),Shoulder Press (Dumbbell),878CD1D0,3,normal,27.22,8
2025-06-04,Push Strength (A),Triceps Pushdown,93A552C6,0,normal,15.88,12
2025-06-04,Push Strength (A),Triceps Pushdown,93A552C6,1,normal,15.88,12
2025-06-04,Push Strength (A),Triceps Pushdown,93A552C6,2,normal,15.88,12
2025-06-04,Push Strength (A),Lateral Raise (Cable),BE289E45,0,normal,3.4,8
2025-06-04,Push Strength (A),Lateral Raise (Cable),BE289E45,1,normal,3.4,8
2025-06-04,Push Strength (A),Lateral Raise (Cable),BE289E45,2,normal,3.4,7
2025-06-04,Push Strength (A),Push Up (Weighted),19372ABC,0,normal,11.34,9
2025-06-04,Push Strength (A),Push Up (Weighted),19372ABC,1,normal,11.34,9
2025-06-04,Push Strength (A),Push Up (Weighted),19372ABC,2,normal,11.34,8
2025-06-02,Legs Strength (A),Romanian Deadlift (Barbell),2B4B7310,0,normal,22.68,8
2025-06-02,Legs Strength (A),Romanian Deadlift (Barbell),2B4B7310,1,normal,22.68,8
2025-06-02,Legs Strength (A),Romanian Deadlift (Barbell),2B4B7310,2,normal,22.68,8
2025-06-02,Legs Strength (A),Front Squat,5046D0A9,0,normal,0,6
2025-06-02,Legs Strength (A),Front Squat,5046D0A9,1,normal,0,6
2025-06-02,Legs Strength (A),Front Squat,5046D0A9,2,normal,0,6
2025-06-02,Legs Strength (A),Seated Leg Curl (Machine),11A123F3,0,normal,18.14,10
2025-06-02,Legs Strength (A),Seated Leg Curl (Machine),11A123F3,1,normal,18.14,10
2025-06-02,Legs Strength (A),Seated Leg Curl (Machine),11A123F3,2,normal,18.14,10
2025-06-02,Legs Strength (A),Assisted Pistol Squats,5BFF35BA,0,normal,0,7
2025-06-02,Legs Strength (A),Assisted Pistol Squats,5BFF35BA,1,normal,0,7
2025-06-02,Legs Strength (A),Assisted Pistol Squats,5BFF35BA,2,normal,0,7
2025-06-02,Legs Strength (A),Hammer Curl (Dumbbell),7E3BC8B6,0,normal,13.61,10
2025-06-02,Legs Strength (A),Hammer Curl (Dumbbell),7E3BC8B6,1,normal,13.61,10
2025-06-02,Legs Strength (A),Hammer Curl (Dumbbell),7E3BC8B6,2,normal,13.61,10
2025-06-01,Pull Strength (A),Chin Up (Weighted),023943F1,0,normal,0,6
2025-06-01,Pull Strength (A),Chin Up (Weighted),023943F1,1,normal,0,6
2025-06-01,Pull Strength (A),Chin Up (Weighted),023943F1,2,normal,0,6
2025-06-01,Pull Strength (A),Chin Up (Weighted),023943F1,3,normal,0,5
2025-06-01,Pull Strength (A),Chin Up (Weighted),023943F1,4,failure,0,5
2025-06-01,Pull Strength (A),Lat Pulldown (Cable),6A6C31A5,0,normal,31.75,10
2025-06-01,Pull Strength (A),Lat Pulldown (Cable),6A6C31A5,1,normal,31.75,10
2025-06-01,Pull Strength (A),Lat Pulldown (Cable),6A6C31A5,2,normal,31.75,10
2025-06-01,Pull Strength (A),Rear Delt Reverse Fly (Cable),C315DC2A,0,normal,4.54,8
2025-06-01,Pull Strength (A),Rear Delt Reverse Fly (Cable),C315DC2A,1,normal,4.54,8
2025-06-01,Pull Strength (A),Rear Delt Reverse Fly (Cable),C315DC2A,2,normal,4.54,8
2025-06-01,Pull Strength (A),Single Arm Cable Row,D0C4A899,0,normal,9.07,10
2025-06-01,Pull Strength (A),Single Arm Cable Row,D0C4A899,1,normal,9.07,10
2025-06-01,Pull Strength (A),Single Arm Cable Row,D0C4A899,2,normal,9.07,10
2025-06-01,Pull Strength (A),Dumbbell Row,F1E57334,0,normal,13.61,10
2025-06-01,Pull Strength (A),Dumbbell Row,F1E57334,1,normal,13.61,10
2025-06-01,Pull Strength (A),Dumbbell Row,F1E57334,2,normal,13.61,10
2025-05-31,Push Strength (A),Incline Bench Press (Barbell),50DFDFAB,0,warmup,20.41,5
2025-05-31,Push Strength (A),Incline Bench Press (Barbell),50DFDFAB,1,normal,29.48,8
2025-05-31,Push Strength (A),Incline Bench Press (Barbell),50DFDFAB,2,normal,29.48,8
2025-05-31,Push Strength (A),Incline Bench Press (Barbell),50DFDFAB,3,normal,29.48,8
2025-05-31,Push Strength (A),Incline Bench Press (Barbell),50DFDFAB,4,normal,29.48,8
2025-05-31,Push Strength (A),Shoulder Press (Dumbbell),878CD1D0,0,normal,22.68,8
2025-05-31,Push Strength (A),Shoulder Press (Dumbbell),878CD1D0,1,normal,22.68,8
2025-05-31,Push Strength (A),Shoulder Press (Dumbbell),878CD1D0,2,normal,22.68,8
2025-05-31,Push Strength (A),Shoulder Press (Dumbbell),878CD1D0,3,normal,22.68,8
2025-05-31,Push Strength (A),Triceps Pushdown,93A552C6,0,normal,13.61,12
2025-05-31,Push Strength (A),Triceps Pushdown,93A552C6,1,normal,13.61,12
2025-05-31,Push Strength (A),Triceps Pushdown,93A552C6,2,normal,13.61,12
2025-05-31,Push Strength (A),Lateral Raise (Cable),BE289E45,0,normal,2.27,10
2025-05-31,Push Strength (A),Lateral Raise (Cable),BE289E45,1,normal,2.27,10
2025-05-31,Push Strength (A),Lateral Raise (Cable),BE289E45,2,normal,2.27,10
2025-05-31,Push Strength (A),Push Up (Weighted),19372ABC,0,normal,11.34,8
2025-05-31,Push Strength (A),Push Up (Weighted),19372ABC,1,normal,11.34,8
2025-05-31,Push Strength (A),Push Up (Weighted),19372ABC,2,normal,11.34,8
2025-05-30,Legs Strength (A),Romanian Deadlift (Barbell),2B4B7310,0,normal,20.41,8
2025-05-30,Legs Strength (A),Romanian Deadlift (Barbell),2B4B7310,1,normal,20.41,8
2025-05-30,Legs Strength (A),Romanian Deadlift (Barbell),2B4B7310,2,normal,20.41,8
2025-05-30,Legs Strength (A),Front Squat,5046D0A9,0,normal,0,5
2025-05-30,Legs Strength (A),Front Squat,5046D0A9,1,normal,0,5
2025-05-30,Legs Strength (A),Front Squat,5046D0A9,2,normal,0,5
2025-05-30,Legs Strength (A),Seated Leg Curl (Machine),11A123F3,0,normal,13.61,10
2025-05-30,Legs Strength (A),Seated Leg Curl (Machine),11A123F3,1,normal,13.61,10
2025-05-30,Legs Strength (A),Seated Leg Curl (Machine),11A123F3,2,normal,13.61,10
2025-05-30,Legs Strength (A),Assisted Pistol Squats,5BFF35BA,0,normal,0,8
2025-05-30,Legs Strength (A),Assisted Pistol Squats,5BFF35BA,1,normal,0,8
2025-05-30,Legs Strength (A),Assisted Pistol Squats,5BFF35BA,2,normal,0,8
2025-05-29,Pull Strength (A),Chin Up (Weighted),023943F1,0,normal,0,5
2025-05-29,Pull Strength (A),Chin Up (Weighted),023943F1,1,normal,0,5
2025-05-29,Pull Strength (A),Chin Up (Weighted),023943F1,2,normal,0,5
2025-05-29,Pull Strength (A),Chin Up (Weighted),023943F1,3,normal,0,5
2025-05-29,Pull Strength (A),Chin Up (Weighted),023943F1,4,failure,0,5
2025-05-29,Pull Strength (A),Lat Pulldown (Cable),6A6C31A5,0,normal,27.22,10
2025-05-29,Pull Strength (A),Lat Pulldown (Cable),6A6C31A5,1,normal,27.22,10
2025-05-29,Pull Strength (A),Lat Pulldown (Cable),6A6C31A5,2,normal,27.22,10
2025-05-29,Pull Strength (A),Single Arm Cable Row,D0C4A899,0,normal,6.8,10
2025-05-29,Pull Strength (A),Single Arm Cable Row,D0C4A899,1,normal,6.8,10
2025-05-29,Pull Strength (A),Single Arm Cable Row,D0C4A899,2,normal,6.8,10
2025-05-29,Pull Strength (A),Dumbbell Row,F1E57334,0,normal,11.34,10
2025-05-29,Pull Strength (A),Dumbbell Row,F1E57334,1,normal,11.34,10
2025-05-29,Pull Strength (A),Dumbbell Row,F1E57334,2,normal,11.34,10
2025-05-29,Pull Strength (A),Seated Incline Curl (Dumbbell),8BAB2735,0,normal,11.34,12
2025-05-29,Pull Strength (A),Seated Incline Curl (Dumbbell),8BAB2735,1,normal,11.34,9
2025-05-29,Pull Strength (A),Seated Incline Curl (Dumbbell),8BAB2735,2,normal,11.34,7
2025-05-28,Push Strength (A),Incline Bench Press (Barbell),50DFDFAB,0,normal,20.41,8
2025-05-28,Push Strength (A),Incline Bench Press (Barbell),50DFDFAB,1,normal,20.41,8
2025-05-28,Push Strength (A),Incline Bench Press (Barbell),50DFDFAB,2,normal,20.41,8
2025-05-28,Push Strength (A),Incline Bench Press (Barbell),50DFDFAB,3,normal,20.41,8
2025-05-28,Push Strength (A),Shoulder Press (Dumbbell),878CD1D0,0,normal,18.14,8
2025-05-28,Push Strength (A),Shoulder Press (Dumbbell),878CD1D0,1,normal,18.14,8
2025-05-28,Push Strength (A),Shoulder Press (Dumbbell),878CD1D0,2,normal,18.14,8
2025-05-28,Push Strength (A),Shoulder Press (Dumbbell),878CD1D0,3,normal,18.14,8
2025-05-28,Push Strength (A),Triceps Pushdown,93A552C6,0,normal,11.34,12
2025-05-28,Push Strength (A),Triceps Pushdown,93A552C6,1,normal,11.34,12
2025-05-28,Push Strength (A),Triceps Pushdown,93A552C6,2,normal,11.34,12
2025-05-28,Push Strength (A),Lateral Raise (Cable),BE289E45,0,normal,2.27,8
2025-05-28,Push Strength (A),Lateral Raise (Cable),BE289E45,1,normal,2.27,8
2025-05-28,Push Strength (A),Lateral Raise (Cable),BE289E45,2,normal,2.27,8
2025-05-28,Push Strength (A),Push Up (Weighted),19372ABC,0,normal,4.54,10
2025-05-28,Push Strength (A),Push Up (Weighted),19372ABC,1,normal,4.54,10
2025-05-28,Push Strength (A),Push Up (Weighted),19372ABC,2,normal,4.54,10
2025-05-04,Pull Strength (A),Chin Up (Weighted),023943F1,0,normal,0,5
2025-05-04,Pull Strength (A),Chin Up (Weighted),023943F1,1,normal,0,5
2025-05-04,Pull Strength (A),Chin Up (Weighted),023943F1,2,normal,0,5
2025-05-04,Pull Strength (A),Chin Up (Weighted),023943F1,3,normal,0,5
2025-05-04,Pull Strength (A),Chin Up (Weighted),023943F1,4,failure,0,5
2025-05-04,Pull Strength (A),Band Pullaparts,E8D86EE8,0,normal,0,15
2025-05-04,Pull Strength (A),Band Pullaparts,E8D86EE8,1,normal,0,15
2025-05-04,Pull Strength (A),Band Pullaparts,E8D86EE8,2,normal,0,15
2025-03-31,Push Strength (A),Incline Bench Press (Barbell),50DFDFAB,0,warmup,20.41,6
2025-03-31,Push Strength (A),Incline Bench Press (Barbell),50DFDFAB,1,warmup,29.48,5
2025-03-31,Push Strength (A),Incline Bench Press (Barbell),50DFDFAB,2,normal,43.09,9
2025-03-31,Push Strength (A),Incline Bench Press (Barbell),50DFDFAB,3,normal,43.09,9
2025-03-31,Push Strength (A),Incline Bench Press (Barbell),50DFDFAB,4,normal,43.09,9
2025-03-31,Push Strength (A),Incline Bench Press (Barbell),50DFDFAB,5,normal,43.09,8
2025-03-31,Push Strength (A),Shoulder Press (Dumbbell),878CD1D0,0,normal,34.02,7
2025-03-31,Push Strength (A),Shoulder Press (Dumbbell),878CD1D0,1,normal,34.02,7
2025-03-31,Push Strength (A),Shoulder Press (Dumbbell),878CD1D0,2,normal,34.02,4
2025-03-31,Push Strength (A),Shoulder Press (Dumbbell),878CD1D0,3,normal,34.02,5
2025-03-31,Push Strength (A),Triceps Pushdown,93A552C6,0,normal,19.5,12
2025-03-31,Push Strength (A),Triceps Pushdown,93A552C6,1,normal,21.32,12
2025-03-31,Push Strength (A),Triceps Pushdown,93A552C6,2,normal,19.5,12
2025-03-31,Push Strength (A),Lateral Raise (Machine),D5D0354D,0,normal,18.14,10
2025-03-31,Push Strength (A),Lateral Raise (Machine),D5D0354D,1,normal,18.14,10
2025-03-31,Push Strength (A),Lateral Raise (Machine),D5D0354D,2,normal,18.14,10
2025-03-31,Push Strength (A),Push Up (Weighted),19372ABC,0,normal,11.34,5
2025-03-31,Push Strength (A),Push Up (Weighted),19372ABC,1,normal,11.34,5
2025-03-31,Push Strength (A),Push Up (Weighted),19372ABC,2,normal,11.34,5
2025-03-31,Push Strength (A),Weighted Dead Hang,2f7c6b07-0c40-4ec0-9c0b-9e9491629a93,1,normal,2.27,0
2025-03-31,Push Strength (A),Weighted Dead Hang,2f7c6b07-0c40-4ec0-9c0b-9e9491629a93,2,normal,2.27,0
2025-03-29,Legs Strength (A),Romanian Deadlift (Barbell),2B4B7310,0,warmup,20.41,5
2025-03-29,Legs Strength (A),Romanian Deadlift (Barbell),2B4B7310,1,warmup,29.48,5
2025-03-29,Legs Strength (A),Romanian Deadlift (Barbell),2B4B7310,2,normal,45.36,8
2025-03-29,Legs Strength (A),Romanian Deadlift (Barbell),2B4B7310,3,normal,45.36,8
2025-03-29,Legs Strength (A),Romanian Deadlift (Barbell),2B4B7310,4,normal,45.36,8
2025-03-29,Legs Strength (A),Front Squat,5046D0A9,0,normal,0,8
2025-03-29,Legs Strength (A),Front Squat,5046D0A9,1,normal,0,8
2025-03-29,Legs Strength (A),Front Squat,5046D0A9,2,normal,0,8
2025-03-29,Legs Strength (A),Seated Leg Curl (Machine),11A123F3,0,normal,22.68,8
2025-03-29,Legs Strength (A),Seated Leg Curl (Machine),11A123F3,1,normal,20.41,8
2025-03-29,Legs Strength (A),Seated Leg Curl (Machine),11A123F3,2,normal,20.41,8
2025-03-29,Legs Strength (A),Standing Calf Raise (Dumbbell),6DA40660,0,normal,4.54,20
2025-03-29,Legs Strength (A),Standing Calf Raise (Dumbbell),6DA40660,1,normal,4.54,20
2025-03-29,Legs Strength (A),Standing Calf Raise (Dumbbell),6DA40660,2,normal,4.54,20
2025-03-29,Legs Strength (A),Assisted Pistol Squats,5BFF35BA,0,normal,0,7
2025-03-29,Legs Strength (A),Assisted Pistol Squats,5BFF35BA,1,normal,0,7
2025-03-29,Legs Strength (A),Assisted Pistol Squats,5BFF35BA,2,normal,0,7
2025-03-29,Legs Strength (A),Hammer Curl (Dumbbell),7E3BC8B6,0,normal,22.68,10
2025-03-29,Legs Strength (A),Hammer Curl (Dumbbell),7E3BC8B6,1,normal,22.68,10
2025-03-29,Legs Strength (A),Hammer Curl (Dumbbell),7E3BC8B6,2,normal,22.68,9
2025-03-28,Pull Strength (A),Chin Up (Weighted),023943F1,0,warmup,0,4
2025-03-28,Pull Strength (A),Chin Up (Weighted),023943F1,1,normal,11.34,3
2025-03-28,Pull Strength (A),Chin Up (Weighted),023943F1,2,normal,11.34,3
2025-03-28,Pull Strength (A),Chin Up (Weighted),023943F1,3,normal,11.34,3
2025-03-28,Pull Strength (A),Chin Up (Weighted),023943F1,4,normal,11.34,3
2025-03-28,Pull Strength (A),Chin Up (Weighted),023943F1,5,failure,11.34,4
2025-03-28,Pull Strength (A),Single Arm Lat Pulldown,2EE45F81,0,normal,31.75,10
2025-03-28,Pull Strength (A),Single Arm Lat Pulldown,2EE45F81,1,normal,31.75,10
2025-03-28,Pull Strength (A),Single Arm Lat Pulldown,2EE45F81,2,normal,31.75,10
2025-03-28,Pull Strength (A),Band Pullaparts,E8D86EE8,0,normal,0,16
2025-03-28,Pull Strength (A),Band Pullaparts,E8D86EE8,1,normal,0,16
2025-03-28,Pull Strength (A),Band Pullaparts,E8D86EE8,2,normal,0,16
2025-03-28,Pull Strength (A),Seated Row (Machine),1DF4A847,0,normal,38.56,10
2025-03-28,Pull Strength (A),Seated Row (Machine),1DF4A847,1,normal,38.56,10
2025-03-28,Pull Strength (A),Seated Row (Machine),1DF4A847,2,normal,38.56,10
2025-03-28,Pull Strength (A),Dumbbell Row,F1E57334,0,normal,18.14,10
2025-03-28,Pull Strength (A),Dumbbell Row,F1E57334,1,normal,18.14,10
2025-03-28,Pull Strength (A),Dumbbell Row,F1E57334,2,normal,18.14,10
2025-03-28,Pull Strength (A),Seated Incline Curl (Dumbbell),8BAB2735,0,normal,18.14,9
2025-03-28,Pull Strength (A),Seated Incline Curl (Dumbbell),8BAB2735,1,normal,18.14,9
2025-03-28,Pull Strength (A),Seated Incline Curl (Dumbbell),8BAB2735,2,normal,18.14,9
2025-03-27,Push Strength (A),Incline Bench Press (Barbell),50DFDFAB,0,warmup,20.41,5
2025-03-27,Push Strength (A),Incline Bench Press (Barbell),50DFDFAB,1,warmup,29.48,5
2025-03-27,Push Strength (A),Incline Bench Press (Barbell),50DFDFAB,2,normal,38.56,10
2025-03-27,Push Strength (A),Incline Bench Press (Barbell),50DFDFAB,3,normal,38.56,10
2025-03-27,Push Strength (A),Incline Bench Press (Barbell),50DFDFAB,4,normal,38.56,10
2025-03-27,Push Strength (A),Incline Bench Press (Barbell),50DFDFAB,5,normal,38.56,10
2025-03-27,Push Strength (A),Shoulder Press (Dumbbell),878CD1D0,0,normal,31.75,8
2025-03-27,Push Strength (A),Shoulder Press (Dumbbell),878CD1D0,1,normal,31.75,7
2025-03-27,Push Strength (A),Shoulder Press (Dumbbell),878CD1D0,2,normal,31.75,7
2025-03-27,Push Strength (A),Shoulder Press (Dumbbell),878CD1D0,3,normal,31.75,8
2025-03-27,Push Strength (A),Triceps Pushdown,93A552C6,0,normal,19.5,12
2025-03-27,Push Strength (A),Triceps Pushdown,93A552C6,1,normal,19.5,12
2025-03-27,Push Strength (A),Triceps Pushdown,93A552C6,2,normal,19.5,12
2025-03-27,Push Strength (A),Lateral Raise (Cable),BE289E45,0,normal,4.54,10
2025-03-27,Push Strength (A),Lateral Raise (Cable),BE289E45,1,normal,4.54,10
2025-03-27,Push Strength (A),Lateral Raise (Cable),BE289E45,2,normal,4.54,10
2025-03-27,Push Strength (A),Push Up (Weighted),19372ABC,0,normal,11.34,4
2025-03-27,Push Strength (A),Push Up (Weighted),19372ABC,1,normal,11.34,4
2025-03-27,Push Strength (A),Push Up (Weighted),19372ABC,2,normal,11.34,4
2025-03-27,Push Strength (A),Weighted Dead Hang,2f7c6b07-0c40-4ec0-9c0b-9e9491629a93,1,normal,2.27,0
2025-03-27,Push Strength (A),Weighted Dead Hang,2f7c6b07-0c40-4ec0-9c0b-9e9491629a93,2,normal,2.27,0
2025-03-25,Pull Strength (A),Single Arm Lat Pulldown,2EE45F81,0,normal,31.75,10
2025-03-25,Pull Strength (A),Single Arm Lat Pulldown,2EE45F81,1,normal,31.75,9
2025-03-25,Pull Strength (A),Single Arm Lat Pulldown,2EE45F81,2,normal,31.75,9
2025-03-25,Pull Strength (A),Band Pullaparts,E8D86EE8,0,normal,0,15
2025-03-25,Pull Strength (A),Band Pullaparts,E8D86EE8,1,normal,0,15
2025-03-25,Pull Strength (A),Band Pullaparts,E8D86EE8,2,normal,0,15
2025-03-25,Pull Strength (A),Seated Row (Machine),1DF4A847,0,normal,38.56,7
2025-03-25,Pull Strength (A),Seated Row (Machine),1DF4A847,1,normal,38.56,8
2025-03-25,Pull Strength (A),Seated Row (Machine),1DF4A847,2,normal,38.56,8
2025-03-25,Pull Strength (A),Dumbbell Row,F1E57334,0,normal,18.14,10
2025-03-25,Pull Strength (A),Dumbbell Row,F1E57334,1,normal,18.14,8
2025-03-25,Pull Strength (A),Dumbbell Row,F1E57334,2,normal,18.14,8
2025-03-25,Pull Strength (A),Seated Incline Curl (Dumbbell),8BAB2735,0,normal,18.14,8
2025-03-25,Pull Strength (A),Seated Incline Curl (Dumbbell),8BAB2735,1,normal,18.14,8
2025-03-25,Pull Strength (A),Seated Incline Curl (Dumbbell),8BAB2735,2,normal,18.14,8
2025-03-24,Push Strength (A),Incline Bench Press (Barbell),50DFDFAB,0,warmup,20.41,6
2025-03-24,Push Strength (A),Incline Bench Press (Barbell),50DFDFAB,1,warmup,29.48,4
2025-03-24,Push Strength (A),Incline Bench Press (Barbell),50DFDFAB,2,normal,38.56,8
2025-03-24,Push Strength (A),Incline Bench Press (Barbell),50DFDFAB,3,normal,38.56,8
2025-03-24,Push Strength (A),Incline Bench Press (Barbell),50DFDFAB,4,normal,38.56,8
2025-03-24,Push Strength (A),Incline Bench Press (Barbell),50DFDFAB,5,normal,38.56,10
2025-03-24,Push Strength (A),Shoulder Press (Dumbbell),878CD1D0,0,normal,27.22,8
2025-03-24,Push Strength (A),Shoulder Press (Dumbbell),878CD1D0,1,normal,27.22,8
2025-03-24,Push Strength (A),Shoulder Press (Dumbbell),878CD1D0,2,normal,27.22,8
2025-03-24,Push Strength (A),Shoulder Press (Dumbbell),878CD1D0,3,normal,27.22,8
2025-03-24,Push Strength (A),Triceps Pushdown,93A552C6,0,normal,18.14,12
2025-03-24,Push Strength (A),Triceps Pushdown,93A552C6,1,normal,18.14,12
2025-03-24,Push Strength (A),Triceps Pushdown,93A552C6,2,normal,18.14,12
2025-03-24,Push Strength (A),Lateral Raise (Cable),BE289E45,0,normal,4.54,9
2025-03-24,Push Strength (A),Lateral Raise (Cable),BE289E45,1,normal,4.54,9
2025-03-24,Push Strength (A),Lateral Raise (Cable),BE289E45,2,normal,4.54,9
2025-03-24,Push Strength (A),Push Up (Weighted),19372ABC,0,normal,11.34,5
2025-03-24,Push Strength (A),Push Up (Weighted),19372ABC,1,normal,11.34,5
2025-03-24,Push Strength (A),Push Up (Weighted),19372ABC,2,normal,11.34,5
2025-03-24,Push Strength (A),Weighted Dead Hang,2f7c6b07-0c40-4ec0-9c0b-9e9491629a93,1,normal,2.27,0
2025-03-24,Push Strength (A),Weighted Dead Hang,2f7c6b07-0c40-4ec0-9c0b-9e9491629a93,2,normal,2.27,0
2025-03-22,Legs Strength (A),Romanian Deadlift (Barbell),2B4B7310,0,warmup,20.41,6
2025-03-22,Legs Strength (A),Romanian Deadlift (Barbell),2B4B7310,1,warmup,29.48,4
2025-03-22,Legs Strength (A),Romanian Deadlift (Barbell),2B4B7310,2,normal,43.09,8
2025-03-22,Legs Strength (A),Romanian Deadlift (Barbell),2B4B7310,3,normal,43.09,8
2025-03-22,Legs Strength (A),Romanian Deadlift (Barbell),2B4B7310,4,normal,43.09,8
2025-03-22,Legs Strength (A),Front Squat,5046D0A9,0,normal,0,7
2025-03-22,Legs Strength (A),Front Squat,5046D0A9,1,normal,0,7
2025-03-22,Legs Strength (A),Front Squat,5046D0A9,2,normal,0,7
2025-03-22,Legs Strength (A),Seated Leg Curl (Machine),11A123F3,0,normal,18.14,10
2025-03-22,Legs Strength (A),Seated Leg Curl (Machine),11A123F3,1,normal,18.14,10
2025-03-22,Legs Strength (A),Seated Leg Curl (Machine),11A123F3,2,normal,18.14,10
2025-03-22,Legs Strength (A),Standing Calf Raise (Dumbbell),6DA40660,0,normal,2.27,20
2025-03-22,Legs Strength (A),Standing Calf Raise (Dumbbell),6DA40660,1,normal,2.27,20
2025-03-22,Legs Strength (A),Standing Calf Raise (Dumbbell),6DA40660,2,normal,2.27,20
2025-03-22,Legs Strength (A),Assisted Pistol Squats,5BFF35BA,0,normal,0,8
2025-03-22,Legs Strength (A),Assisted Pistol Squats,5BFF35BA,1,normal,0,8
2025-03-22,Legs Strength (A),Assisted Pistol Squats,5BFF35BA,2,normal,0,8
2025-03-22,Legs Strength (A),Hammer Curl (Dumbbell),7E3BC8B6,0,normal,18.14,10
2025-03-22,Legs Strength (A),Hammer Curl (Dumbbell),7E3BC8B6,1,normal,18.14,10
2025-03-22,Legs Strength (A),Hammer Curl (Dumbbell),7E3BC8B6,2,normal,18.14,10
2025-03-21,Pull Strength (A),Chin Up (Weighted),023943F1,0,warmup,0,3
2025-03-21,Pull Strength (A),Chin Up (Weighted),023943F1,1,normal,9.07,4
2025-03-21,Pull Strength (A),Chin Up (Weighted),023943F1,2,normal,9.07,4
2025-03-21,Pull Strength (A),Chin Up (Weighted),023943F1,3,normal,9.07,4
2025-03-21,Pull Strength (A),Chin Up (Weighted),023943F1,4,normal,9.07,4
2025-03-21,Pull Strength (A),Chin Up (Weighted),023943F1,5,failure,9.07,4
2025-03-21,Pull Strength (A),Single Arm Lat Pulldown,2EE45F81,0,normal,31.75,7
2025-03-21,Pull Strength (A),Single Arm Lat Pulldown,2EE45F81,1,normal,31.75,8
2025-03-21,Pull Strength (A),Single Arm Lat Pulldown,2EE45F81,2,normal,31.75,8
2025-03-21,Pull Strength (A),Band Pullaparts,E8D86EE8,0,normal,0,18
2025-03-21,Pull Strength (A),Band Pullaparts,E8D86EE8,1,normal,0,18
2025-03-21,Pull Strength (A),Band Pullaparts,E8D86EE8,2,normal,0,18
2025-03-21,Pull Strength (A),Seated Row (Machine),1DF4A847,0,normal,34.02,10
2025-03-21,Pull Strength (A),Seated Row (Machine),1DF4A847,1,normal,34.02,10
2025-03-21,Pull Strength (A),Seated Row (Machine),1DF4A847,2,normal,34.02,10
2025-03-21,Pull Strength (A),Dumbbell Row,F1E57334,0,normal,15.88,10
2025-03-21,Pull Strength (A),Dumbbell Row,F1E57334,1,normal,15.88,10
2025-03-21,Pull Strength (A),Dumbbell Row,F1E57334,2,normal,15.88,10
2025-03-21,Pull Strength (A),Seated Incline Curl (Dumbbell),8BAB2735,0,normal,18.14,8
2025-03-21,Pull Strength (A),Seated Incline Curl (Dumbbell),8BAB2735,1,normal,18.14,8
2025-03-21,Pull Strength (A),Seated Incline Curl (Dumbbell),8BAB2735,2,normal,18.14,8
2025-03-20,Push Strength (A),Incline Bench Press (Barbell),50DFDFAB,0,warmup,20.41,6
2025-03-20,Push Strength (A),Incline Bench Press (Barbell),50DFDFAB,1,normal,34.02,10
2025-03-20,Push Strength (A),Incline Bench Press (Barbell),50DFDFAB,2,normal,34.02,10
2025-03-20,Push Strength (A),Incline Bench Press (Barbell),50DFDFAB,3,normal,34.02,10
2025-03-20,Push Strength (A),Incline Bench Press (Barbell),50DFDFAB,4,normal,34.02,10
2025-03-20,Push Strength (A),Shoulder Press (Dumbbell),878CD1D0,0,normal,27.22,8
2025-03-20,Push Strength (A),Shoulder Press (Dumbbell),878CD1D0,1,normal,27.22,8
2025-03-20,Push Strength (A),Shoulder Press (Dumbbell),878CD1D0,2,normal,27.22,7
2025-03-20,Push Strength (A),Shoulder Press (Dumbbell),878CD1D0,3,normal,27.22,7
2025-03-20,Push Strength (A),Triceps Pushdown,93A552C6,0,normal,16.78,12
2025-03-20,Push Strength (A),Triceps Pushdown,93A552C6,1,normal,16.78,12
2025-03-20,Push Strength (A),Triceps Pushdown,93A552C6,2,normal,16.78,12
2025-03-20,Push Strength (A),Lateral Raise (Cable),BE289E45,0,normal,4.54,8
2025-03-20,Push Strength (A),Lateral Raise (Cable),BE289E45,1,normal,4.54,8
2025-03-20,Push Strength (A),Lateral Raise (Cable),BE289E45,2,normal,4.54,8
2025-03-20,Push Strength (A),Push Up (Weighted),19372ABC,0,normal,4.54,8
2025-03-20,Push Strength (A),Push Up (Weighted),19372ABC,1,normal,4.54,8
2025-03-20,Push Strength (A),Push Up (Weighted),19372ABC,2,normal,4.54,8
2025-03-20,Push Strength (A),Weighted Dead Hang,2f7c6b07-0c40-4ec0-9c0b-9e9491629a93,2,normal,2.27,0
2025-03-19,Legs Strength (A),Romanian Deadlift (Barbell),2B4B7310,0,warmup,20.41,5
2025-03-19,Legs Strength (A),Romanian Deadlift (Barbell),2B4B7310,1,warmup,29.48,3
2025-03-19,Legs Strength (A),Romanian Deadlift (Barbell),2B4B7310,2,normal,40.82,8
2025-03-19,Legs Strength (A),Romanian Deadlift (Barbell),2B4B7310,3,normal,40.82,8
2025-03-19,Legs Strength (A),Romanian Deadlift (Barbell),2B4B7310,4,normal,40.82,8
2025-03-19,Legs Strength (A),Front Squat,5046D0A9,0,normal,0,6
2025-03-19,Legs Strength (A),Front Squat,5046D0A9,1,normal,0,6
2025-03-19,Legs Strength (A),Front Squat,5046D0A9,2,normal,0,6
2025-03-19,Legs Strength (A),Seated Leg Curl (Machine),11A123F3,0,normal,18.14,10
2025-03-19,Legs Strength (A),Seated Leg Curl (Machine),11A123F3,1,normal,18.14,10
2025-03-19,Legs Strength (A),Seated Leg Curl (Machine),11A123F3,2,normal,18.14,9
2025-03-19,Legs Strength (A),Standing Calf Raise (Dumbbell),6DA40660,0,normal,0,20
2025-03-19,Legs Strength (A),Standing Calf Raise (Dumbbell),6DA40660,1,normal,0,20
2025-03-19,Legs Strength (A),Standing Calf Raise (Dumbbell),6DA40660,2,normal,0,20
2025-03-19,Legs Strength (A),Assisted Pistol Squats,5BFF35BA,0,normal,0,8
2025-03-19,Legs Strength (A),Assisted Pistol Squats,5BFF35BA,1,normal,0,8
2025-03-19,Legs Strength (A),Assisted Pistol Squats,5BFF35BA,2,normal,0,8
2025-03-19,Legs Strength (A),Hammer Curl (Dumbbell),7E3BC8B6,0,normal,13.61,10
2025-03-19,Legs Strength (A),Hammer Curl (Dumbbell),7E3BC8B6,1,normal,13.61,10
2025-03-19,Legs Strength (A),Hammer Curl (Dumbbell),7E3BC8B6,2,normal,13.61,10
2025-03-18,Pull Strength (A),Chin Up (Weighted),023943F1,0,warmup,0,3
2025-03-18,Pull Strength (A),Chin Up (Weighted),023943F1,1,normal,9.07,3
2025-03-18,Pull Strength (A),Chin Up (Weighted),023943F1,2,normal,9.07,3
2025-03-18,Pull Strength (A),Chin Up (Weighted),023943F1,3,normal,9.07,3
2025-03-18,Pull Strength (A),Chin Up (Weighted),023943F1,4,normal,9.07,3
2025-03-18,Pull Strength (A),Chin Up (Weighted),023943F1,5,failure,9.07,3
2025-03-18,Pull Strength (A),Single Arm Lat Pulldown,2EE45F81,0,normal,29.48,10
2025-03-18,Pull Strength (A),Single Arm Lat Pulldown,2EE45F81,1,normal,29.48,10
2025-03-18,Pull Strength (A),Single Arm Lat Pulldown,2EE45F81,2,normal,29.48,10
2025-03-18,Pull Strength (A),Band Pullaparts,E8D86EE8,0,normal,0,17
2025-03-18,Pull Strength (A),Band Pullaparts,E8D86EE8,1,normal,0,17
2025-03-18,Pull Strength (A),Band Pullaparts,E8D86EE8,2,normal,0,12
2025-03-18,Pull Strength (A),Seated Row (Machine),1DF4A847,0,normal,31.75,9
2025-03-18,Pull Strength (A),Seated Row (Machine),1DF4A847,1,normal,31.75,9
2025-03-18,Pull Strength (A),Seated Row (Machine),1DF4A847,2,normal,31.75,9
2025-03-18,Pull Strength (A),Dumbbell Row,F1E57334,0,normal,13.61,10
2025-03-18,Pull Strength (A),Dumbbell Row,F1E57334,1,normal,13.61,10
2025-03-18,Pull Strength (A),Dumbbell Row,F1E57334,2,normal,13.61,10
2025-03-18,Pull Strength (A),Seated Incline Curl (Dumbbell),8BAB2735,0,normal,13.61,12
2025-03-18,Pull Strength (A),Seated Incline Curl (Dumbbell),8BAB2735,1,normal,13.61,12
2025-03-18,Pull Strength (A),Seated Incline Curl (Dumbbell),8BAB2735,2,normal,13.61,12
2025-03-17,Push Strength (A),Incline Bench Press (Barbell),50DFDFAB,0,warmup,20.41,6
2025-03-17,Push Strength (A),Incline Bench Press (Barbell),50DFDFAB,1,warmup,20.41,5
2025-03-17,Push Strength (A),Incline Bench Press (Barbell),50DFDFAB,2,normal,29.48,10
2025-03-17,Push Strength (A),Incline Bench Press (Barbell),50DFDFAB,3,normal,29.48,10
2025-03-17,Push Strength (A),Incline Bench Press (Barbell),50DFDFAB,4,normal,29.48,10
2025-03-17,Push Strength (A),Incline Bench Press (Barbell),50DFDFAB,5,normal,29.48,10
2025-03-17,Push Strength (A),Shoulder Press (Dumbbell),878CD1D0,0,normal,27.22,8
2025-03-17,Push Strength (A),Shoulder Press (Dumbbell),878CD1D0,1,normal,27.22,7
2025-03-17,Push Strength (A),Shoulder Press (Dumbbell),878CD1D0,2,normal,27.22,7
2025-03-17,Push Strength (A),Shoulder Press (Dumbbell),878CD1D0,3,normal,27.22,7
2025-03-17,Push Strength (A),Triceps Pushdown,93A552C6,0,normal,15.88,12
2025-03-17,Push Strength (A),Triceps Pushdown,93A552C6,1,normal,15.88,12
2025-03-17,Push Strength (A),Triceps Pushdown,93A552C6,2,normal,15.88,10
2025-03-17,Push Strength (A),Lateral Raise (Cable),BE289E45,0,normal,4.54,7
2025-03-17,Push Strength (A),Lateral Raise (Cable),BE289E45,1,normal,4.54,7
2025-03-17,Push Strength (A),Lateral Raise (Cable),BE289E45,2,normal,4.54,7
2025-03-17,Push Strength (A),Push Up (Weighted),19372ABC,0,normal,2.27,8
2025-03-17,Push Strength (A),Push Up (Weighted),19372ABC,1,normal,2.27,8
2025-03-17,Push Strength (A),Push Up (Weighted),19372ABC,2,normal,2.27,8
2025-03-15,Legs Strength (A),Romanian Deadlift (Barbell),2B4B7310,0,warmup,20.41,5
2025-03-15,Legs Strength (A),Romanian Deadlift (Barbell),2B4B7310,1,warmup,29.48,3
2025-03-15,Legs Strength (A),Romanian Deadlift (Barbell),2B4B7310,2,normal,38.56,8
2025-03-15,Legs Strength (A),Romanian Deadlift (Barbell),2B4B7310,3,normal,38.56,8
2025-03-15,Legs Strength (A),Romanian Deadlift (Barbell),2B4B7310,4,normal,38.56,8
2025-03-15,Legs Strength (A),Front Squat,5046D0A9,0,normal,0,5
2025-03-15,Legs Strength (A),Front Squat,5046D0A9,1,normal,0,5
2025-03-15,Legs Strength (A),Front Squat,5046D0A9,2,normal,0,5
2025-03-15,Legs Strength (A),Seated Leg Curl (Machine),11A123F3,0,normal,15.88,10
2025-03-15,Legs Strength (A),Seated Leg Curl (Machine),11A123F3,1,normal,15.88,10
2025-03-15,Legs Strength (A),Seated Leg Curl (Machine),11A123F3,2,normal,15.88,10
2025-03-15,Legs Strength (A),Standing Calf Raise (Dumbbell),6DA40660,0,normal,0,20
2025-03-15,Legs Strength (A),Standing Calf Raise (Dumbbell),6DA40660,1,normal,0,20
2025-03-15,Legs Strength (A),Standing Calf Raise (Dumbbell),6DA40660,2,normal,0,20
2025-03-15,Legs Strength (A),Assisted Pistol Squats,5BFF35BA,0,normal,0,8
2025-03-15,Legs Strength (A),Assisted Pistol Squats,5BFF35BA,1,normal,0,8
2025-03-15,Legs Strength (A),Assisted Pistol Squats,5BFF35BA,2,normal,0,8
2025-03-15,Legs Strength (A),Hammer Curl (Dumbbell),7E3BC8B6,0,normal,13.61,10
2025-03-15,Legs Strength (A),Hammer Curl (Dumbbell),7E3BC8B6,1,normal,13.61,10
2025-03-15,Legs Strength (A),Hammer Curl (Dumbbell),7E3BC8B6,2,normal,13.61,10
2025-03-14,Pull Strength (A),Chin Up (Weighted),023943F1,0,warmup,0,3
2025-03-14,Pull Strength (A),Chin Up (Weighted),023943F1,1,normal,9.07,3
2025-03-14,Pull Strength (A),Chin Up (Weighted),023943F1,2,normal,9.07,3
2025-03-14,Pull Strength (A),Chin Up (Weighted),023943F1,3,normal,9.07,3
2025-03-14,Pull Strength (A),Chin Up (Weighted),023943F1,4,normal,9.07,3
2025-03-14,Pull Strength (A),Chin Up (Weighted),023943F1,5,failure,9.07,5
2025-03-14,Pull Strength (A),Single Arm Lat Pulldown,2EE45F81,0,normal,27.22,10
2025-03-14,Pull Strength (A),Single Arm Lat Pulldown,2EE45F81,1,normal,27.22,10
2025-03-14,Pull Strength (A),Single Arm Lat Pulldown,2EE45F81,2,normal,27.22,10
2025-03-14,Pull Strength (A),Band Pullaparts,E8D86EE8,0,normal,0,15
2025-03-14,Pull Strength (A),Band Pullaparts,E8D86EE8,1,normal,0,15
2025-03-14,Pull Strength (A),Band Pullaparts,E8D86EE8,2,normal,0,15
2025-03-14,Pull Strength (A),Seated Row (Machine),1DF4A847,0,normal,31.75,8
2025-03-14,Pull Strength (A),Seated Row (Machine),1DF4A847,1,normal,31.75,8
2025-03-14,Pull Strength (A),Seated Row (Machine),1DF4A847,2,normal,31.75,8
2025-03-14,Pull Strength (A),Dumbbell Row,F1E57334,0,normal,11.34,10
2025-03-14,Pull Strength (A),Dumbbell Row,F1E57334,1,normal,11.34,10
2025-03-14,Pull Strength (A),Dumbbell Row,F1E57334,2,normal,11.34,10
2025-03-14,Pull Strength (A),Seated Incline Curl (Dumbbell),8BAB2735,0,normal,13.61,12
2025-03-14,Pull Strength (A),Seated Incline Curl (Dumbbell),8BAB2735,1,normal,13.61,12
2025-03-14,Pull Strength (A),Seated Incline Curl (Dumbbell),8BAB2735,2,normal,13.61,12
2025-03-13,Push Strength (A),Incline Bench Press (Dumbbell),07B38369,0,warmup,22.68,6
2025-03-13,Push Strength (A),Incline Bench Press (Dumbbell),07B38369,1,warmup,22.68,6
2025-03-13,Push Strength (A),Incline Bench Press (Dumbbell),07B38369,2,normal,29.48,8
2025-03-13,Push Strength (A),Incline Bench Press (Dumbbell),07B38369,3,normal,29.48,8
2025-03-13,Push Strength (A),Incline Bench Press (Dumbbell),07B38369,4,normal,29.48,8
2025-03-13,Push Strength (A),Incline Bench Press (Dumbbell),07B38369,5,normal,29.48,8
2025-03-13,Push Strength (A),Shoulder Press (Dumbbell),878CD1D0,0,normal,22.68,8
2025-03-13,Push Strength (A),Shoulder Press (Dumbbell),878CD1D0,1,normal,22.68,8
2025-03-13,Push Strength (A),Shoulder Press (Dumbbell),878CD1D0,2,normal,22.68,8
2025-03-13,Push Strength (A),Shoulder Press (Dumbbell),878CD1D0,3,normal,22.68,8
2025-03-13,Push Strength (A),Triceps Pushdown,93A552C6,0,normal,13.61,12
2025-03-13,Push Strength (A),Triceps Pushdown,93A552C6,1,normal,13.61,12
2025-03-13,Push Strength (A),Triceps Pushdown,93A552C6,2,normal,13.61,12
2025-03-13,Push Strength (A),Lateral Raise (Dumbbell),422B08F1,0,normal,4.54,10
2025-03-13,Push Strength (A),Lateral Raise (Dumbbell),422B08F1,1,normal,4.54,10
2025-03-13,Push Strength (A),Lateral Raise (Dumbbell),422B08F1,2,normal,4.54,10
2025-03-13,Push Strength (A),Push Up (Weighted),19372ABC,0,normal,0,8
2025-03-13,Push Strength (A),Push Up (Weighted),19372ABC,1,normal,0,8
2025-03-13,Push Strength (A),Push Up (Weighted),19372ABC,2,normal,0,8
2025-03-13,Push Strength (A),Weighted Dead Hang,2f7c6b07-0c40-4ec0-9c0b-9e9491629a93,1,normal,2.27,0
2025-03-13,Push Strength (A),Weighted Dead Hang,2f7c6b07-0c40-4ec0-9c0b-9e9491629a93,2,normal,2.27,0
2025-02-22,Legs Strength (A),Romanian Deadlift (Barbell),2B4B7310,0,warmup,20.41,5
2025-02-22,Legs Strength (A),Romanian Deadlift (Barbell),2B4B7310,1,normal,43.09,8
2025-02-22,Legs Strength (A),Romanian Deadlift (Barbell),2B4B7310,2,normal,43.09,8
2025-02-22,Legs Strength (A),Romanian Deadlift (Barbell),2B4B7310,3,normal,43.09,8
2025-02-22,Legs Strength (A),Front Squat,5046D0A9,0,normal,0,5
2025-02-22,Legs Strength (A),Front Squat,5046D0A9,1,normal,0,5
2025-02-22,Legs Strength (A),Front Squat,5046D0A9,2,normal,0,5
2025-02-22,Legs Strength (A),Seated Leg Curl (Machine),11A123F3,0,normal,15.88,10
2025-02-22,Legs Strength (A),Seated Leg Curl (Machine),11A123F3,1,normal,15.88,10
2025-02-22,Legs Strength (A),Seated Leg Curl (Machine),11A123F3,2,normal,15.88,10
2025-02-21,Pull Strength (A),Chin Up (Weighted),023943F1,0,warmup,0,3
2025-02-21,Pull Strength (A),Chin Up (Weighted),023943F1,1,normal,9.07,4
2025-02-21,Pull Strength (A),Chin Up (Weighted),023943F1,2,normal,9.07,4
2025-02-21,Pull Strength (A),Chin Up (Weighted),023943F1,3,normal,9.07,4
2025-02-21,Pull Strength (A),Chin Up (Weighted),023943F1,4,normal,9.07,4
2025-02-21,Pull Strength (A),Chin Up (Weighted),023943F1,5,failure,9.07,4
2025-02-21,Pull Strength (A),Single Arm Lat Pulldown,2EE45F81,0,normal,29.48,10
2025-02-21,Pull Strength (A),Single Arm Lat Pulldown,2EE45F81,1,normal,29.48,10
2025-02-21,Pull Strength (A),Single Arm Lat Pulldown,2EE45F81,2,normal,29.48,10
2025-02-21,Pull Strength (A),Band Pullaparts,E8D86EE8,0,normal,0,16
2025-02-21,Pull Strength (A),Band Pullaparts,E8D86EE8,1,normal,0,16
2025-02-21,Pull Strength (A),Band Pullaparts,E8D86EE8,2,normal,0,16
2025-02-21,Pull Strength (A),Seated Row (Machine),1DF4A847,0,normal,31.75,8
2025-02-21,Pull Strength (A),Seated Row (Machine),1DF4A847,1,normal,31.75,8
2025-02-21,Pull Strength (A),Seated Row (Machine),1DF4A847,2,normal,31.75,8
2025-02-21,Pull Strength (A),Seated Incline Curl (Dumbbell),8BAB2735,0,normal,11.34,12
2025-02-21,Pull Strength (A),Seated Incline Curl (Dumbbell),8BAB2735,1,normal,11.34,12
2025-02-21,Pull Strength (A),Seated Incline Curl (Dumbbell),8BAB2735,2,normal,11.34,12
2025-02-20,Legs Strength (A),Front Squat,5046D0A9,0,normal,0,7
2025-02-20,Legs Strength (A),Front Squat,5046D0A9,1,normal,0,6
2025-02-20,Legs Strength (A),Seated Leg Curl (Machine),11A123F3,0,normal,18.14,5
2025-02-20,Legs Strength (A),Seated Leg Curl (Machine),11A123F3,1,normal,18.14,5
2025-02-20,Legs Strength (A),Seated Leg Curl (Machine),11A123F3,2,normal,18.14,5
2025-02-19,Pull Strength (A),Chin Up (Weighted),023943F1,0,warmup,0,3
2025-02-19,Pull Strength (A),Chin Up (Weighted),023943F1,1,normal,9.07,3
2025-02-19,Pull Strength (A),Chin Up (Weighted),023943F1,2,normal,9.07,3
2025-02-19,Pull Strength (A),Chin Up (Weighted),023943F1,3,normal,9.07,3
2025-02-19,Pull Strength (A),Chin Up (Weighted),023943F1,4,normal,9.07,3
2025-02-19,Pull Strength (A),Chin Up (Weighted),023943F1,5,failure,9.07,4
2025-02-19,Pull Strength (A),Single Arm Lat Pulldown,2EE45F81,0,normal,27.22,10
2025-02-19,Pull Strength (A),Single Arm Lat Pulldown,2EE45F81,1,normal,27.22,10
2025-02-19,Pull Strength (A),Single Arm Lat Pulldown,2EE45F81,2,normal,27.22,10
2025-02-19,Pull Strength (A),Band Pullaparts,E8D86EE8,0,normal,0,15
2025-02-19,Pull Strength (A),Band Pullaparts,E8D86EE8,1,normal,0,15
2025-02-19,Pull Strength (A),Band Pullaparts,E8D86EE8,2,normal,0,15
2025-02-19,Pull Strength (A),Seated Cable Row - V Grip (Cable),0393F233,0,normal,29.48,10
2025-02-19,Pull Strength (A),Seated Cable Row - V Grip (Cable),0393F233,1,normal,29.48,10
2025-02-19,Pull Strength (A),Seated Cable Row - V Grip (Cable),0393F233,2,normal,29.48,10
2025-02-18,Push Strength (A),Incline Bench Press (Barbell),50DFDFAB,0,warmup,20.41,5
2025-02-18,Push Strength (A),Incline Bench Press (Barbell),50DFDFAB,1,warmup,20.41,4
2025-02-18,Push Strength (A),Incline Bench Press (Barbell),50DFDFAB,2,normal,29.48,12
2025-02-18,Push Strength (A),Incline Bench Press (Barbell),50DFDFAB,3,normal,29.48,12
2025-02-18,Push Strength (A),Incline Bench Press (Barbell),50DFDFAB,4,normal,29.48,12
2025-02-18,Push Strength (A),Incline Bench Press (Barbell),50DFDFAB,5,normal,29.48,12
2025-02-18,Push Strength (A),Triceps Pushdown,93A552C6,0,normal,15.88,12
2025-02-18,Push Strength (A),Triceps Pushdown,93A552C6,1,normal,13.61,12
2025-02-18,Push Strength (A),Triceps Pushdown,93A552C6,2,normal,13.61,12
2025-02-18,Push Strength (A),Lateral Raise (Cable),BE289E45,0,normal,4.54,6
2025-02-18,Push Strength (A),Lateral Raise (Cable),BE289E45,1,normal,4.54,6
2025-02-18,Push Strength (A),Lateral Raise (Cable),BE289E45,2,normal,4.54,6
2025-02-18,Push Strength (A),Weighted Dead Hang,2f7c6b07-0c40-4ec0-9c0b-9e9491629a93,1,normal,2.27,0
2025-02-18,Push Strength (A),Weighted Dead Hang,2f7c6b07-0c40-4ec0-9c0b-9e9491629a93,2,normal,2.27,0
2025-02-04,Pull Strength (A),Chin Up (Weighted),023943F1,0,warmup,0,3
2025-02-04,Pull Strength (A),Chin Up (Weighted),023943F1,1,normal,6.8,3
2025-02-04,Pull Strength (A),Chin Up (Weighted),023943F1,2,normal,8.16,3
2025-02-04,Pull Strength (A),Chin Up (Weighted),023943F1,3,normal,8.16,3
2025-02-04,Pull Strength (A),Chin Up (Weighted),023943F1,4,normal,8.16,3
2025-02-04,Pull Strength (A),Chin Up (Weighted),023943F1,5,failure,9.98,3
2025-02-04,Pull Strength (A),Single Arm Lat Pulldown,2EE45F81,0,normal,27.22,10
2025-02-04,Pull Strength (A),Single Arm Lat Pulldown,2EE45F81,1,normal,27.22,10
2025-02-04,Pull Strength (A),Single Arm Lat Pulldown,2EE45F81,2,normal,27.22,10
2025-02-04,Pull Strength (A),Seated Cable Row - V Grip (Cable),0393F233,0,normal,36.29,10
2025-02-04,Pull Strength (A),Seated Cable Row - V Grip (Cable),0393F233,1,normal,36.29,10
2025-02-04,Pull Strength (A),Seated Cable Row - V Grip (Cable),0393F233,2,normal,36.29,10
2025-01-14,Push Hypertrophy (B),Incline Bench Press (Barbell),50DFDFAB,0,warmup,20.41,5
2025-01-14,Push Hypertrophy (B),Incline Bench Press (Barbell),50DFDFAB,1,normal,29.48,12
2025-01-14,Push Hypertrophy (B),Incline Bench Press (Barbell),50DFDFAB,2,normal,29.48,12
2025-01-14,Push Hypertrophy (B),Incline Bench Press (Barbell),50DFDFAB,3,normal,29.48,12
2025-01-14,Push Hypertrophy (B),Incline Bench Press (Barbell),50DFDFAB,4,normal,29.48,12
2025-01-14,Push Hypertrophy (B),Seated Shoulder Press (Machine),9237BAD1,0,normal,11.34,12
2025-01-14,Push Hypertrophy (B),Seated Shoulder Press (Machine),9237BAD1,1,normal,11.34,12
2025-01-14,Push Hypertrophy (B),Seated Shoulder Press (Machine),9237BAD1,2,normal,11.34,12
2025-01-14,Push Hypertrophy (B),Triceps Extension (Dumbbell),3765684D,0,normal,11.34,12
2025-01-14,Push Hypertrophy (B),Triceps Extension (Dumbbell),3765684D,1,normal,11.34,12
2025-01-14,Push Hypertrophy (B),Triceps Extension (Dumbbell),3765684D,2,normal,11.34,12
2025-01-14,Push Hypertrophy (B),Lateral Raise (Dumbbell),422B08F1,0,normal,4.54,12
2025-01-14,Push Hypertrophy (B),Lateral Raise (Dumbbell),422B08F1,1,normal,4.54,12
2025-01-14,Push Hypertrophy (B),Lateral Raise (Dumbbell),422B08F1,2,normal,4.54,12
2025-01-14,Push Hypertrophy (B),Weighted Dead Hang,2f7c6b07-0c40-4ec0-9c0b-9e9491629a93,0,normal,2.27,0
2025-01-14,Push Hypertrophy (B),Weighted Dead Hang,2f7c6b07-0c40-4ec0-9c0b-9e9491629a93,1,normal,2.27,0
2025-01-14,Push Hypertrophy (B),Weighted Dead Hang,2f7c6b07-0c40-4ec0-9c0b-9e9491629a93,2,normal,2.27,0
2025-01-09,Push (A),Incline Bench Press (Barbell),50DFDFAB,0,warmup,20.41,5
2025-01-09,Push (A),Incline Bench Press (Barbell),50DFDFAB,1,warmup,29.48,5
2025-01-09,Push (A),Incline Bench Press (Barbell),50DFDFAB,2,normal,36.29,8
2025-01-09,Push (A),Incline Bench Press (Barbell),50DFDFAB,3,normal,36.29,8
2025-01-09,Push (A),Incline Bench Press (Barbell),50DFDFAB,4,normal,36.29,8
2025-01-09,Push (A),Incline Bench Press (Barbell),50DFDFAB,5,normal,36.29,8
2025-01-09,Push (A),Shoulder Press (Dumbbell),878CD1D0,0,normal,31.75,8
2025-01-09,Push (A),Shoulder Press (Dumbbell),878CD1D0,1,normal,31.75,8
2025-01-09,Push (A),Shoulder Press (Dumbbell),878CD1D0,2,normal,31.75,8
2025-01-09,Push (A),Shoulder Press (Dumbbell),878CD1D0,3,normal,31.75,8
2025-01-09,Push (A),Triceps Pushdown,93A552C6,0,normal,22.68,9
2025-01-09,Push (A),Triceps Pushdown,93A552C6,1,normal,22.68,9
2025-01-09,Push (A),Triceps Pushdown,93A552C6,2,normal,22.68,9
2025-01-09,Push (A),Lateral Raise (Cable),BE289E45,0,normal,4.54,9
2025-01-09,Push (A),Lateral Raise (Cable),BE289E45,1,normal,4.54,9
2025-01-09,Push (A),Lateral Raise (Cable),BE289E45,2,normal,4.54,9
2025-01-08,Pull (A),Chin Up (Weighted),023943F1,0,warmup,9.07,3
2025-01-08,Pull (A),Chin Up (Weighted),023943F1,1,normal,15.88,4
2025-01-08,Pull (A),Chin Up (Weighted),023943F1,2,normal,15.88,3
2025-01-08,Pull (A),Chin Up (Weighted),023943F1,3,normal,15.88,3
2025-01-08,Pull (A),Chin Up (Weighted),023943F1,4,normal,15.88,3
2025-01-08,Pull (A),Chin Up (Weighted),023943F1,5,failure,15.88,3
2025-01-08,Pull (A),Single Arm Lat Pulldown,2EE45F81,0,normal,36.29,8
2025-01-08,Pull (A),Single Arm Lat Pulldown,2EE45F81,1,normal,36.29,8
2025-01-08,Pull (A),Single Arm Lat Pulldown,2EE45F81,2,normal,36.29,8
2025-01-08,Pull (A),Band Pullaparts,E8D86EE8,0,normal,0,20
2025-01-08,Pull (A),Band Pullaparts,E8D86EE8,1,normal,0,20
2025-01-08,Pull (A),Band Pullaparts,E8D86EE8,2,normal,0,20
2025-01-08,Pull (A),Chest Supported Incline Row (Dumbbell),914F3A96,0,normal,36.29,8
2025-01-08,Pull (A),Chest Supported Incline Row (Dumbbell),914F3A96,1,normal,36.29,8
2025-01-08,Pull (A),Chest Supported Incline Row (Dumbbell),914F3A96,2,normal,36.29,7
2025-01-08,Pull (A),Seated Cable Row - V Grip (Cable),0393F233,0,normal,45.36,10
2025-01-08,Pull (A),Seated Cable Row - V Grip (Cable),0393F233,1,normal,45.36,10
2025-01-08,Pull (A),Seated Cable Row - V Grip (Cable),0393F233,2,normal,45.36,10
2025-01-08,Pull (A),Seated Incline Curl (Dumbbell),8BAB2735,0,normal,20.41,10
2025-01-08,Pull (A),Seated Incline Curl (Dumbbell),8BAB2735,1,normal,20.41,10
2025-01-08,Pull (A),Seated Incline Curl (Dumbbell),8BAB2735,2,normal,20.41,10
2025-01-07,Push (A),Incline Bench Press (Barbell),50DFDFAB,0,warmup,20.41,5
2025-01-07,Push (A),Incline Bench Press (Barbell),50DFDFAB,1,warmup,29.48,5
2025-01-07,Push (A),Incline Bench Press (Barbell),50DFDFAB,2,normal,34.02,8
2025-01-07,Push (A),Incline Bench Press (Barbell),50DFDFAB,3,normal,34.02,8
2025-01-07,Push (A),Incline Bench Press (Barbell),50DFDFAB,4,normal,34.02,8
2025-01-07,Push (A),Incline Bench Press (Barbell),50DFDFAB,5,normal,34.02,8
2025-01-07,Push (A),Shoulder Press (Dumbbell),878CD1D0,0,normal,31.75,7
2025-01-07,Push (A),Shoulder Press (Dumbbell),878CD1D0,1,normal,31.75,7
2025-01-07,Push (A),Shoulder Press (Dumbbell),878CD1D0,2,normal,31.75,7
2025-01-07,Push (A),Shoulder Press (Dumbbell),878CD1D0,3,normal,31.75,7
2025-01-07,Push (A),Triceps Pushdown,93A552C6,0,normal,22.68,8
2025-01-07,Push (A),Triceps Pushdown,93A552C6,1,normal,22.68,8
2025-01-07,Push (A),Triceps Pushdown,93A552C6,2,normal,22.68,7
2025-01-07,Push (A),Lateral Raise (Cable),BE289E45,0,normal,4.54,8
2025-01-07,Push (A),Lateral Raise (Cable),BE289E45,1,normal,4.54,8
2025-01-07,Push (A),Lateral Raise (Cable),BE289E45,2,normal,4.54,8
2025-01-07,Push (A),Push Up (Weighted),19372ABC,0,normal,11.34,7
2025-01-07,Push (A),Push Up (Weighted),19372ABC,1,normal,11.34,7
2025-01-07,Push (A),Push Up (Weighted),19372ABC,2,normal,11.34,7
2025-01-04,Legs (A),Romanian Deadlift (Barbell),2B4B7310,0,warmup,43.09,6
2025-01-04,Legs (A),Romanian Deadlift (Barbell),2B4B7310,1,warmup,52.16,5
2025-01-04,Legs (A),Romanian Deadlift (Barbell),2B4B7310,2,normal,65.77,7
2025-01-04,Legs (A),Romanian Deadlift (Barbell),2B4B7310,3,normal,65.77,8
2025-01-04,Legs (A),Romanian Deadlift (Barbell),2B4B7310,4,normal,65.77,8
2025-01-04,Legs (A),Front Squat,5046D0A9,0,normal,20.41,6
2025-01-04,Legs (A),Front Squat,5046D0A9,1,normal,20.41,6
2025-01-04,Legs (A),Front Squat,5046D0A9,2,normal,20.41,6
2025-01-04,Legs (A),Seated Leg Curl (Machine),11A123F3,0,normal,22.68,10
2025-01-04,Legs (A),Seated Leg Curl (Machine),11A123F3,1,normal,22.68,10
2025-01-04,Legs (A),Seated Leg Curl (Machine),11A123F3,2,normal,22.68,10
2025-01-04,Legs (A),Standing Calf Raise (Dumbbell),6DA40660,0,normal,0,20
2025-01-04,Legs (A),Standing Calf Raise (Dumbbell),6DA40660,1,normal,0,20
2025-01-04,Legs (A),Standing Calf Raise (Dumbbell),6DA40660,2,normal,0,20
2025-01-04,Legs (A),Assisted Pistol Squats,5BFF35BA,0,normal,0,7
2025-01-04,Legs (A),Assisted Pistol Squats,5BFF35BA,1,normal,0,7
2025-01-04,Legs (A),Assisted Pistol Squats,5BFF35BA,2,normal,0,7
2025-01-04,Legs (A),Hammer Curl (Dumbbell),7E3BC8B6,0,normal,27.22,8
2025-01-04,Legs (A),Hammer Curl (Dumbbell),7E3BC8B6,1,normal,27.22,8
2025-01-04,Legs (A),Hammer Curl (Dumbbell),7E3BC8B6,2,normal,27.22,9
2025-01-03,Pull (A),Chin Up (Weighted),023943F1,0,warmup,4.54,3
2025-01-03,Pull (A),Chin Up (Weighted),023943F1,1,normal,15.88,3
2025-01-03,Pull (A),Chin Up (Weighted),023943F1,2,normal,15.88,3
2025-01-03,Pull (A),Chin Up (Weighted),023943F1,3,normal,15.88,3
2025-01-03,Pull (A),Chin Up (Weighted),023943F1,4,normal,15.88,3
2025-01-03,Pull (A),Chin Up (Weighted),023943F1,5,failure,15.88,3
2025-01-03,Pull (A),Single Arm Lat Pulldown,2EE45F81,0,normal,34.02,10
2025-01-03,Pull (A),Single Arm Lat Pulldown,2EE45F81,1,normal,34.02,10
2025-01-03,Pull (A),Single Arm Lat Pulldown,2EE45F81,2,normal,34.02,10
2025-01-03,Pull (A),Band Pullaparts,E8D86EE8,0,normal,0,21
2025-01-03,Pull (A),Band Pullaparts,E8D86EE8,1,normal,0,21
2025-01-03,Pull (A),Band Pullaparts,E8D86EE8,2,normal,0,21
2025-01-03,Pull (A),Chest Supported Incline Row (Dumbbell),914F3A96,0,normal,36.29,7
2025-01-03,Pull (A),Chest Supported Incline Row (Dumbbell),914F3A96,1,normal,36.29,8
2025-01-03,Pull (A),Chest Supported Incline Row (Dumbbell),914F3A96,2,normal,36.29,8
2025-01-03,Pull (A),Seated Cable Row - V Grip (Cable),0393F233,0,normal,45.36,10
2025-01-03,Pull (A),Seated Cable Row - V Grip (Cable),0393F233,1,normal,45.36,9
2025-01-03,Pull (A),Seated Cable Row - V Grip (Cable),0393F233,2,normal,45.36,9
2025-01-03,Pull (A),Seated Incline Curl (Dumbbell),8BAB2735,0,normal,22.68,8
2025-01-03,Pull (A),Seated Incline Curl (Dumbbell),8BAB2735,1,normal,22.68,8
2025-01-03,Pull (A),Seated Incline Curl (Dumbbell),8BAB2735,2,normal,22.68,8
2025-01-03,Push (A),Incline Bench Press (Barbell),50DFDFAB,0,warmup,20.41,5
2025-01-03,Push (A),Incline Bench Press (Barbell),50DFDFAB,1,warmup,29.48,4
2025-01-03,Push (A),Incline Bench Press (Barbell),50DFDFAB,2,normal,47.63,8
2025-01-03,Push (A),Incline Bench Press (Barbell),50DFDFAB,3,normal,47.63,8
2025-01-03,Push (A),Incline Bench Press (Barbell),50DFDFAB,4,normal,47.63,8
2025-01-03,Push (A),Incline Bench Press (Barbell),50DFDFAB,5,normal,47.63,8
2025-01-03,Push (A),Shoulder Press (Dumbbell),878CD1D0,0,normal,31.75,6
2025-01-03,Push (A),Shoulder Press (Dumbbell),878CD1D0,1,normal,31.75,6
2025-01-03,Push (A),Shoulder Press (Dumbbell),878CD1D0,2,normal,31.75,6
2025-01-03,Push (A),Shoulder Press (Dumbbell),878CD1D0,3,normal,31.75,7
2025-01-03,Push (A),Triceps Pushdown,93A552C6,0,normal,22.68,8
2025-01-03,Push (A),Triceps Pushdown,93A552C6,1,normal,22.68,7
2025-01-03,Push (A),Triceps Pushdown,93A552C6,2,normal,22.68,6
2025-01-03,Push (A),Lateral Raise (Cable),BE289E45,0,normal,4.54,8
2025-01-03,Push (A),Lateral Raise (Cable),BE289E45,1,normal,4.54,8
2025-01-03,Push (A),Lateral Raise (Cable),BE289E45,2,normal,4.54,7
2025-01-03,Push (A),Push Up (Weighted),19372ABC,0,normal,11.34,6
2025-01-03,Push (A),Push Up (Weighted),19372ABC,1,normal,11.34,6
2025-01-03,Push (A),Push Up (Weighted),19372ABC,2,normal,11.34,6
2025-01-02,Legs (A),Romanian Deadlift (Barbell),2B4B7310,0,warmup,43.09,3
2025-01-02,Legs (A),Romanian Deadlift (Barbell),2B4B7310,1,warmup,52.16,5
2025-01-02,Legs (A),Romanian Deadlift (Barbell),2B4B7310,2,normal,65.77,6
2025-01-02,Legs (A),Romanian Deadlift (Barbell),2B4B7310,3,normal,65.77,6
2025-01-02,Legs (A),Romanian Deadlift (Barbell),2B4B7310,4,normal,65.77,8
2025-01-02,Legs (A),Front Squat,5046D0A9,0,normal,20.41,5
2025-01-02,Legs (A),Front Squat,5046D0A9,1,normal,20.41,5
2025-01-02,Legs (A),Front Squat,5046D0A9,2,normal,20.41,5
2025-01-02,Legs (A),Seated Leg Curl (Machine),11A123F3,0,normal,22.68,10
2025-01-02,Legs (A),Seated Leg Curl (Machine),11A123F3,1,normal,22.68,10
2025-01-02,Legs (A),Seated Leg Curl (Machine),11A123F3,2,normal,22.68,9
2025-01-02,Legs (A),Standing Calf Raise (Dumbbell),6DA40660,0,normal,20.41,10
2025-01-02,Legs (A),Standing Calf Raise (Dumbbell),6DA40660,1,normal,20.41,10
2025-01-02,Legs (A),Standing Calf Raise (Dumbbell),6DA40660,2,normal,0,20
2025-01-02,Legs (A),Assisted Pistol Squats,5BFF35BA,0,normal,0,6
2025-01-02,Legs (A),Assisted Pistol Squats,5BFF35BA,1,normal,0,6
2025-01-02,Legs (A),Assisted Pistol Squats,5BFF35BA,2,normal,0,6
2025-01-02,Legs (A),Hammer Curl (Dumbbell),7E3BC8B6,0,normal,27.22,8
2024-12-31,Pull (A),Chin Up (Weighted),023943F1,0,warmup,4.54,3
2024-12-31,Pull (A),Chin Up (Weighted),023943F1,1,normal,11.34,5
2024-12-31,Pull (A),Chin Up (Weighted),023943F1,2,normal,11.34,5
2024-12-31,Pull (A),Chin Up (Weighted),023943F1,3,normal,11.34,5
2024-12-31,Pull (A),Chin Up (Weighted),023943F1,4,normal,11.34,4
2024-12-31,Pull (A),Chin Up (Weighted),023943F1,5,failure,11.34,4
2024-12-31,Pull (A),Single Arm Lat Pulldown,2EE45F81,0,normal,31.75,10
2024-12-31,Pull (A),Single Arm Lat Pulldown,2EE45F81,1,normal,31.75,10
2024-12-31,Pull (A),Single Arm Lat Pulldown,2EE45F81,2,normal,31.75,10
2024-12-31,Pull (A),Band Pullaparts,E8D86EE8,0,normal,0,20
2024-12-31,Pull (A),Band Pullaparts,E8D86EE8,1,normal,0,20
2024-12-31,Pull (A),Band Pullaparts,E8D86EE8,2,normal,0,20
2024-12-31,Pull (A),Chest Supported Incline Row (Dumbbell),914F3A96,0,normal,36.29,6
2024-12-31,Pull (A),Chest Supported Incline Row (Dumbbell),914F3A96,1,normal,36.29,7
2024-12-31,Pull (A),Chest Supported Incline Row (Dumbbell),914F3A96,2,normal,36.29,7
2024-12-31,Pull (A),Seated Cable Row - V Grip (Cable),0393F233,0,normal,45.36,10
2024-12-31,Pull (A),Seated Cable Row - V Grip (Cable),0393F233,1,normal,45.36,9
2024-12-31,Pull (A),Seated Cable Row - V Grip (Cable),0393F233,2,normal,45.36,9
2024-12-31,Pull (A),Seated Incline Curl (Dumbbell),8BAB2735,0,normal,22.68,7
2024-12-31,Pull (A),Seated Incline Curl (Dumbbell),8BAB2735,1,normal,22.68,7
2024-12-31,Pull (A),Seated Incline Curl (Dumbbell),8BAB2735,2,normal,22.68,7
2024-12-30,Push (A),Incline Bench Press (Barbell),50DFDFAB,0,warmup,20.41,5
2024-12-30,Push (A),Incline Bench Press (Barbell),50DFDFAB,1,warmup,29.48,4
2024-12-30,Push (A),Incline Bench Press (Barbell),50DFDFAB,2,normal,45.36,8
2024-12-30,Push (A),Incline Bench Press (Barbell),50DFDFAB,3,normal,45.36,8
2024-12-30,Push (A),Incline Bench Press (Barbell),50DFDFAB,4,normal,45.36,8
2024-12-30,Push (A),Incline Bench Press (Barbell),50DFDFAB,5,normal,45.36,8
2024-12-30,Push (A),Shoulder Press (Dumbbell),878CD1D0,0,normal,31.75,6
2024-12-30,Push (A),Shoulder Press (Dumbbell),878CD1D0,1,normal,31.75,7
2024-12-30,Push (A),Shoulder Press (Dumbbell),878CD1D0,2,normal,31.75,5
2024-12-30,Push (A),Shoulder Press (Dumbbell),878CD1D0,3,normal,31.75,5
2024-12-30,Push (A),Triceps Pushdown,93A552C6,0,normal,21.55,10
2024-12-30,Push (A),Triceps Pushdown,93A552C6,1,normal,21.55,10
2024-12-30,Push (A),Triceps Pushdown,93A552C6,2,normal,21.55,10
2024-12-30,Push (A),Lateral Raise (Cable),BE289E45,0,normal,4.54,8
2024-12-30,Push (A),Lateral Raise (Cable),BE289E45,1,normal,4.54,8
2024-12-30,Push (A),Lateral Raise (Cable),BE289E45,2,normal,4.54,8
2024-12-30,Push (A),Push Up (Weighted),19372ABC,0,normal,11.34,5
2024-12-30,Push (A),Push Up (Weighted),19372ABC,1,normal,11.34,5
2024-12-30,Push (A),Push Up (Weighted),19372ABC,2,normal,11.34,5
2024-12-29,Legs (A),Romanian Deadlift (Barbell),2B4B7310,0,warmup,43.09,3
2024-12-29,Legs (A),Romanian Deadlift (Barbell),2B4B7310,1,warmup,52.16,5
2024-12-29,Legs (A),Romanian Deadlift (Barbell),2B4B7310,2,normal,63.5,8
2024-12-29,Legs (A),Romanian Deadlift (Barbell),2B4B7310,3,normal,63.5,8
2024-12-29,Legs (A),Romanian Deadlift (Barbell),2B4B7310,4,normal,63.5,8
2024-12-29,Legs (A),Front Squat,5046D0A9,0,normal,18.14,8
2024-12-29,Legs (A),Front Squat,5046D0A9,1,normal,18.14,8
2024-12-29,Legs (A),Front Squat,5046D0A9,2,normal,18.14,8
2024-12-29,Legs (A),Seated Leg Curl (Machine),11A123F3,0,normal,20.41,10
2024-12-29,Legs (A),Seated Leg Curl (Machine),11A123F3,1,normal,20.41,10
2024-12-29,Legs (A),Seated Leg Curl (Machine),11A123F3,2,normal,20.41,10
2024-12-29,Legs (A),Standing Calf Raise (Dumbbell),6DA40660,0,normal,20.41,10
2024-12-29,Legs (A),Standing Calf Raise (Dumbbell),6DA40660,1,normal,20.41,10
2024-12-29,Legs (A),Standing Calf Raise (Dumbbell),6DA40660,2,normal,20.41,10
2024-12-29,Legs (A),Assisted Pistol Squats,5BFF35BA,0,normal,0,5
2024-12-29,Legs (A),Assisted Pistol Squats,5BFF35BA,1,normal,0,5
2024-12-29,Legs (A),Assisted Pistol Squats,5BFF35BA,2,normal,0,5
2024-12-29,Legs (A),Hammer Curl (Dumbbell),7E3BC8B6,0,normal,27.22,7
2024-12-29,Legs (A),Hammer Curl (Dumbbell),7E3BC8B6,1,normal,27.22,7
2024-12-29,Legs (A),Hammer Curl (Dumbbell),7E3BC8B6,2,normal,27.22,7
2024-12-28,Pull (A),Chin Up (Weighted),023943F1,0,warmup,4.54,3
2024-12-28,Pull (A),Chin Up (Weighted),023943F1,1,normal,11.34,4
2024-12-28,Pull (A),Chin Up (Weighted),023943F1,2,normal,11.34,4
2024-12-28,Pull (A),Chin Up (Weighted),023943F1,3,normal,11.34,4
2024-12-28,Pull (A),Chin Up (Weighted),023943F1,4,normal,11.34,4
2024-12-28,Pull (A),Chin Up (Weighted),023943F1,5,failure,11.34,4
2024-12-28,Pull (A),Single Arm Lat Pulldown,2EE45F81,0,normal,29.48,10
2024-12-28,Pull (A),Single Arm Lat Pulldown,2EE45F81,1,normal,29.48,10
2024-12-28,Pull (A),Single Arm Lat Pulldown,2EE45F81,2,normal,29.48,10
2024-12-28,Pull (A),Band Pullaparts,E8D86EE8,0,normal,0,19
2024-12-28,Pull (A),Band Pullaparts,E8D86EE8,1,normal,0,19
2024-12-28,Pull (A),Band Pullaparts,E8D86EE8,2,normal,0,19
2024-12-28,Pull (A),Chest Supported Incline Row (Dumbbell),914F3A96,0,normal,31.75,8
2024-12-28,Pull (A),Chest Supported Incline Row (Dumbbell),914F3A96,1,normal,31.75,8
2024-12-28,Pull (A),Chest Supported Incline Row (Dumbbell),914F3A96,2,normal,31.75,8
2024-12-28,Pull (A),Seated Cable Row - V Grip (Cable),0393F233,0,normal,40.82,10
2024-12-28,Pull (A),Seated Cable Row - V Grip (Cable),0393F233,1,normal,40.82,10
2024-12-28,Pull (A),Seated Cable Row - V Grip (Cable),0393F233,2,normal,40.82,10
2024-12-28,Pull (A),Seated Incline Curl (Dumbbell),8BAB2735,0,normal,22.68,6
2024-12-28,Pull (A),Seated Incline Curl (Dumbbell),8BAB2735,1,normal,22.68,6
2024-12-28,Pull (A),Seated Incline Curl (Dumbbell),8BAB2735,2,normal,22.68,6
2024-12-27,Push (A),Incline Bench Press (Barbell),50DFDFAB,0,normal,43.09,8
2024-12-27,Push (A),Incline Bench Press (Barbell),50DFDFAB,1,normal,43.09,8
2024-12-27,Push (A),Incline Bench Press (Barbell),50DFDFAB,2,normal,43.09,8
2024-12-27,Push (A),Incline Bench Press (Barbell),50DFDFAB,3,normal,43.09,8
2024-12-27,Push (A),Incline Bench Press (Barbell),50DFDFAB,4,warmup,20.41,5
2024-12-27,Push (A),Incline Bench Press (Barbell),50DFDFAB,5,warmup,29.48,3
2024-12-27,Push (A),Shoulder Press (Dumbbell),878CD1D0,0,normal,31.75,5
2024-12-27,Push (A),Shoulder Press (Dumbbell),878CD1D0,1,normal,31.75,6
2024-12-27,Push (A),Shoulder Press (Dumbbell),878CD1D0,2,normal,31.75,5
2024-12-27,Push (A),Shoulder Press (Dumbbell),878CD1D0,3,normal,31.75,5
2024-12-27,Push (A),Triceps Pushdown,93A552C6,0,normal,19.28,12
2024-12-27,Push (A),Triceps Pushdown,93A552C6,1,normal,19.28,12
2024-12-27,Push (A),Triceps Pushdown,93A552C6,2,normal,19.28,12
2024-12-27,Push (A),Lateral Raise (Cable),BE289E45,0,normal,4.54,7
2024-12-27,Push (A),Lateral Raise (Cable),BE289E45,1,normal,4.54,7
2024-12-27,Push (A),Lateral Raise (Cable),BE289E45,2,normal,4.54,7
2024-12-27,Push (A),Push Up (Weighted),19372ABC,0,normal,4.54,7
2024-12-27,Push (A),Push Up (Weighted),19372ABC,1,normal,4.54,7
2024-12-27,Push (A),Push Up (Weighted),19372ABC,2,normal,4.54,7
2024-12-26,Legs (A),Romanian Deadlift (Barbell),2B4B7310,0,warmup,52.16,3
2024-12-26,Legs (A),Romanian Deadlift (Barbell),2B4B7310,1,normal,61.24,8
2024-12-26,Legs (A),Romanian Deadlift (Barbell),2B4B7310,2,normal,61.24,8
2024-12-26,Legs (A),Romanian Deadlift (Barbell),2B4B7310,3,normal,61.24,8
2024-12-26,Legs (A),Romanian Deadlift (Barbell),2B4B7310,4,warmup,43.09,5
2024-12-26,Legs (A),Front Squat,5046D0A9,0,normal,18.14,7
2024-12-26,Legs (A),Front Squat,5046D0A9,1,normal,18.14,7
2024-12-26,Legs (A),Front Squat,5046D0A9,2,normal,18.14,7
2024-12-26,Legs (A),Standing Calf Raise (Dumbbell),6DA40660,0,normal,20.41,10
2024-12-26,Legs (A),Standing Calf Raise (Dumbbell),6DA40660,1,normal,20.41,10
2024-12-26,Legs (A),Standing Calf Raise (Dumbbell),6DA40660,2,normal,20.41,10
2024-12-26,Legs (A),Assisted Pistol Squats,5BFF35BA,0,normal,0,8
2024-12-26,Legs (A),Assisted Pistol Squats,5BFF35BA,1,normal,0,8
2024-12-26,Legs (A),Assisted Pistol Squats,5BFF35BA,2,normal,0,8
2024-12-26,Legs (A),Hammer Curl (Dumbbell),7E3BC8B6,0,normal,27.22,6
2024-12-26,Legs (A),Hammer Curl (Dumbbell),7E3BC8B6,1,normal,27.22,6
2024-12-26,Legs (A),Hammer Curl (Dumbbell),7E3BC8B6,2,normal,27.22,6
2024-12-24,Pull (A),Chin Up (Weighted),023943F1,0,warmup,0,3
2024-12-24,Pull (A),Chin Up (Weighted),023943F1,1,normal,11.34,3
2024-12-24,Pull (A),Chin Up (Weighted),023943F1,2,normal,11.34,3
2024-12-24,Pull (A),Chin Up (Weighted),023943F1,3,normal,11.34,3
2024-12-24,Pull (A),Chin Up (Weighted),023943F1,4,normal,11.34,3
2024-12-24,Pull (A),Chin Up (Weighted),023943F1,5,failure,11.34,4
2024-12-24,Pull (A),Band Pullaparts,E8D86EE8,0,normal,0,18
2024-12-24,Pull (A),Band Pullaparts,E8D86EE8,1,normal,0,18
2024-12-24,Pull (A),Band Pullaparts,E8D86EE8,2,normal,0,18
2024-12-24,Pull (A),Seated Cable Row - V Grip (Cable),0393F233,0,normal,38.56,10
2024-12-24,Pull (A),Seated Cable Row - V Grip (Cable),0393F233,1,normal,38.56,10
2024-12-24,Pull (A),Seated Cable Row - V Grip (Cable),0393F233,2,normal,38.56,10
2024-12-24,Pull (A),Seated Incline Curl (Dumbbell),8BAB2735,0,normal,22.68,8
2024-12-24,Pull (A),Seated Incline Curl (Dumbbell),8BAB2735,1,normal,22.68,8
2024-12-24,Pull (A),Seated Incline Curl (Dumbbell),8BAB2735,2,normal,22.68,8
2024-12-24,Push (A),Incline Bench Press (Barbell),50DFDFAB,0,normal,43.09,4
2024-12-24,Push (A),Incline Bench Press (Barbell),50DFDFAB,1,normal,43.09,6
2024-12-24,Push (A),Incline Bench Press (Barbell),50DFDFAB,2,normal,43.09,7
2024-12-24,Push (A),Incline Bench Press (Barbell),50DFDFAB,3,normal,43.09,6
2024-12-24,Push (A),Shoulder Press (Dumbbell),878CD1D0,0,normal,29.48,8
2024-12-24,Push (A),Shoulder Press (Dumbbell),878CD1D0,1,normal,29.48,8
2024-12-24,Push (A),Shoulder Press (Dumbbell),878CD1D0,2,normal,29.48,8
2024-12-24,Push (A),Shoulder Press (Dumbbell),878CD1D0,3,normal,29.48,8
2024-12-24,Push (A),Triceps Pushdown,93A552C6,0,normal,18.14,12
2024-12-24,Push (A),Triceps Pushdown,93A552C6,1,normal,18.14,12
2024-12-24,Push (A),Triceps Pushdown,93A552C6,2,normal,18.14,12
2024-12-24,Push (A),Lateral Raise (Cable),BE289E45,0,normal,4.54,7
2024-12-24,Push (A),Lateral Raise (Cable),BE289E45,1,normal,4.54,6
2024-12-24,Push (A),Lateral Raise (Cable),BE289E45,2,normal,4.54,8
2024-12-24,Push (A),Push Up (Weighted),19372ABC,0,normal,4.54,6
2024-12-24,Push (A),Push Up (Weighted),19372ABC,1,normal,4.54,6
2024-12-24,Push (A),Push Up (Weighted),19372ABC,2,normal,4.54,6
2024-12-22,Legs (A),Romanian Deadlift (Barbell),2B4B7310,0,warmup,52.16,5
2024-12-22,Legs (A),Romanian Deadlift (Barbell),2B4B7310,1,normal,61.24,7
2024-12-22,Legs (A),Romanian Deadlift (Barbell),2B4B7310,2,normal,61.24,8
2024-12-22,Legs (A),Romanian Deadlift (Barbell),2B4B7310,3,normal,61.24,8
2024-12-22,Legs (A),Front Squat,5046D0A9,0,normal,18.14,6
2024-12-22,Legs (A),Front Squat,5046D0A9,1,normal,18.14,6
2024-12-22,Legs (A),Front Squat,5046D0A9,2,normal,18.14,6
2024-12-22,Legs (A),Seated Leg Curl (Machine),11A123F3,0,normal,18.14,10
2024-12-22,Legs (A),Seated Leg Curl (Machine),11A123F3,1,normal,18.14,10
2024-12-22,Legs (A),Seated Leg Curl (Machine),11A123F3,2,normal,18.14,10
2024-12-22,Legs (A),Standing Calf Raise (Dumbbell),6DA40660,0,normal,18.14,10
2024-12-22,Legs (A),Standing Calf Raise (Dumbbell),6DA40660,1,normal,18.14,10
2024-12-22,Legs (A),Standing Calf Raise (Dumbbell),6DA40660,2,normal,18.14,10
2024-12-22,Legs (A),Assisted Pistol Squats,5BFF35BA,0,normal,0,7
2024-12-22,Legs (A),Assisted Pistol Squats,5BFF35BA,1,normal,0,7
2024-12-22,Legs (A),Assisted Pistol Squats,5BFF35BA,2,normal,0,7
2024-12-22,Legs (A),Hammer Curl (Dumbbell),7E3BC8B6,0,normal,27.22,8
2024-12-22,Legs (A),Hammer Curl (Dumbbell),7E3BC8B6,1,normal,27.22,7
2024-12-22,Legs (A),Hammer Curl (Dumbbell),7E3BC8B6,2,normal,27.22,7
2024-12-21,Pull (A),Chin Up (Weighted),023943F1,0,warmup,0,3
2024-12-21,Pull (A),Chin Up (Weighted),023943F1,1,normal,9.07,3
2024-12-21,Pull (A),Chin Up (Weighted),023943F1,2,normal,9.07,3
2024-12-21,Pull (A),Chin Up (Weighted),023943F1,3,normal,9.07,3
2024-12-21,Pull (A),Chin Up (Weighted),023943F1,4,normal,9.07,4
2024-12-21,Pull (A),Chin Up (Weighted),023943F1,5,failure,9.07,5
2024-12-21,Pull (A),Single Arm Lat Pulldown,2EE45F81,0,normal,27.22,10
2024-12-21,Pull (A),Single Arm Lat Pulldown,2EE45F81,1,normal,27.22,10
2024-12-21,Pull (A),Single Arm Lat Pulldown,2EE45F81,2,normal,27.22,10
2024-12-21,Pull (A),Band Pullaparts,E8D86EE8,0,normal,0,17
2024-12-21,Pull (A),Band Pullaparts,E8D86EE8,1,normal,0,17
2024-12-21,Pull (A),Band Pullaparts,E8D86EE8,2,normal,0,16
2024-12-21,Pull (A),Chest Supported Incline Row (Dumbbell),914F3A96,0,normal,31.75,8
2024-12-21,Pull (A),Chest Supported Incline Row (Dumbbell),914F3A96,1,normal,31.75,7
2024-12-21,Pull (A),Chest Supported Incline Row (Dumbbell),914F3A96,2,normal,31.75,8
2024-12-21,Pull (A),Seated Cable Row - V Grip (Cable),0393F233,0,normal,38.56,10
2024-12-21,Pull (A),Seated Cable Row - V Grip (Cable),0393F233,1,normal,38.56,10
2024-12-21,Pull (A),Seated Cable Row - V Grip (Cable),0393F233,2,normal,38.56,10
2024-12-21,Pull (A),Seated Incline Curl (Dumbbell),8BAB2735,0,normal,18.14,10
2024-12-21,Pull (A),Seated Incline Curl (Dumbbell),8BAB2735,1,normal,18.14,10
2024-12-21,Pull (A),Seated Incline Curl (Dumbbell),8BAB2735,2,normal,18.14,10
2024-12-18,Pull (A),Chin Up (Weighted),023943F1,0,warmup,0,3
2024-12-18,Pull (A),Chin Up (Weighted),023943F1,1,normal,6.8,3
2024-12-18,Pull (A),Chin Up (Weighted),023943F1,2,normal,6.8,4
2024-12-18,Pull (A),Chin Up (Weighted),023943F1,3,normal,6.8,4
2024-12-18,Pull (A),Chin Up (Weighted),023943F1,4,normal,6.8,4
2024-12-18,Pull (A),Chin Up (Weighted),023943F1,5,failure,6.8,5
2024-12-18,Pull (A),Single Arm Lat Pulldown,2EE45F81,0,normal,24.95,10
2024-12-18,Pull (A),Single Arm Lat Pulldown,2EE45F81,1,normal,24.95,10
2024-12-18,Pull (A),Single Arm Lat Pulldown,2EE45F81,2,normal,24.95,10
2024-12-18,Pull (A),Band Pullaparts,E8D86EE8,0,normal,0,16
2024-12-18,Pull (A),Band Pullaparts,E8D86EE8,1,normal,0,16
2024-12-18,Pull (A),Band Pullaparts,E8D86EE8,2,normal,0,16
2024-12-18,Pull (A),Chest Supported Incline Row (Dumbbell),914F3A96,0,normal,27.22,8
2024-12-18,Pull (A),Chest Supported Incline Row (Dumbbell),914F3A96,1,normal,27.22,8
2024-12-18,Pull (A),Chest Supported Incline Row (Dumbbell),914F3A96,2,normal,27.22,8
2024-12-18,Pull (A),Seated Cable Row - V Grip (Cable),0393F233,0,normal,38.56,8
2024-12-18,Pull (A),Seated Cable Row - V Grip (Cable),0393F233,1,normal,38.56,8
2024-12-18,Pull (A),Seated Cable Row - V Grip (Cable),0393F233,2,normal,38.56,8
2024-12-18,Pull (A),Seated Incline Curl (Dumbbell),8BAB2735,0,normal,18.14,10
2024-12-18,Pull (A),Seated Incline Curl (Dumbbell),8BAB2735,1,normal,18.14,9
2024-12-18,Pull (A),Seated Incline Curl (Dumbbell),8BAB2735,2,normal,18.14,9
2024-12-17,Push (A),Incline Bench Press (Barbell),50DFDFAB,0,normal,47.63,8
2024-12-17,Push (A),Incline Bench Press (Barbell),50DFDFAB,1,normal,47.63,7
2024-12-17,Push (A),Incline Bench Press (Barbell),50DFDFAB,2,normal,47.63,6
2024-12-17,Push (A),Incline Bench Press (Barbell),50DFDFAB,3,normal,47.63,6
2024-12-17,Push (A),Shoulder Press (Dumbbell),878CD1D0,0,normal,27.22,8
2024-12-17,Push (A),Shoulder Press (Dumbbell),878CD1D0,1,normal,27.22,8
2024-12-17,Push (A),Shoulder Press (Dumbbell),878CD1D0,2,normal,27.22,8
2024-12-17,Push (A),Shoulder Press (Dumbbell),878CD1D0,3,normal,27.22,8
2024-12-17,Push (A),Triceps Pushdown,93A552C6,0,normal,15.88,12
2024-12-17,Push (A),Triceps Pushdown,93A552C6,1,normal,15.88,12
2024-12-17,Push (A),Triceps Pushdown,93A552C6,2,normal,15.88,12
2024-12-17,Push (A),Lateral Raise (Cable),BE289E45,0,normal,4.54,7
2024-12-17,Push (A),Lateral Raise (Cable),BE289E45,1,normal,4.54,7
2024-12-17,Push (A),Lateral Raise (Cable),BE289E45,2,normal,4.54,6
2024-12-17,Push (A),Triceps Extension (Dumbbell),3765684D,0,normal,15.88,9
2024-12-17,Push (A),Triceps Extension (Dumbbell),3765684D,1,normal,15.88,9
2024-12-17,Push (A),Triceps Extension (Dumbbell),3765684D,2,normal,15.88,9
2024-12-14,Legs (A),Romanian Deadlift (Barbell),2B4B7310,0,warmup,43.09,3
2024-12-14,Legs (A),Romanian Deadlift (Barbell),2B4B7310,1,normal,56.7,8
2024-12-14,Legs (A),Romanian Deadlift (Barbell),2B4B7310,2,normal,56.7,8
2024-12-14,Legs (A),Romanian Deadlift (Barbell),2B4B7310,3,normal,56.7,8
2024-12-14,Legs (A),Front Squat,5046D0A9,0,normal,15.88,8
2024-12-14,Legs (A),Front Squat,5046D0A9,1,normal,15.88,8
2024-12-14,Legs (A),Front Squat,5046D0A9,2,normal,15.88,8
2024-12-14,Legs (A),Seated Leg Curl (Machine),11A123F3,0,normal,18.14,10
2024-12-14,Legs (A),Seated Leg Curl (Machine),11A123F3,1,normal,15.88,10
2024-12-14,Legs (A),Seated Leg Curl (Machine),11A123F3,2,normal,15.88,10
2024-12-14,Legs (A),Standing Calf Raise (Dumbbell),6DA40660,0,normal,15.88,10
2024-12-14,Legs (A),Standing Calf Raise (Dumbbell),6DA40660,1,normal,15.88,10
2024-12-14,Legs (A),Standing Calf Raise (Dumbbell),6DA40660,2,normal,15.88,10
2024-12-14,Legs (A),Assisted Pistol Squats,5BFF35BA,0,normal,0,6
2024-12-14,Legs (A),Assisted Pistol Squats,5BFF35BA,1,normal,0,6
2024-12-14,Legs (A),Assisted Pistol Squats,5BFF35BA,2,normal,0,6
2024-12-14,Legs (A),Hammer Curl (Dumbbell),7E3BC8B6,0,normal,11.34,10
2024-12-14,Legs (A),Hammer Curl (Dumbbell),7E3BC8B6,1,normal,11.34,10
2024-12-14,Legs (A),Hammer Curl (Dumbbell),7E3BC8B6,2,normal,11.34,10
2024-12-13,Pull (A),Chin Up (Weighted),023943F1,0,warmup,0,3
2024-12-13,Pull (A),Chin Up (Weighted),023943F1,1,normal,4.54,5
2024-12-13,Pull (A),Chin Up (Weighted),023943F1,2,normal,4.54,5
2024-12-13,Pull (A),Chin Up (Weighted),023943F1,3,normal,4.54,5
2024-12-13,Pull (A),Chin Up (Weighted),023943F1,4,normal,4.54,5
2024-12-13,Pull (A),Chin Up (Weighted),023943F1,5,failure,4.54,5
2024-12-13,Pull (A),Single Arm Lat Pulldown,2EE45F81,0,normal,22.68,10
2024-12-13,Pull (A),Single Arm Lat Pulldown,2EE45F81,1,normal,22.68,10
2024-12-13,Pull (A),Single Arm Lat Pulldown,2EE45F81,2,normal,22.68,10
2024-12-13,Pull (A),Band Pullaparts,E8D86EE8,0,normal,0,15
2024-12-13,Pull (A),Band Pullaparts,E8D86EE8,1,normal,0,16
2024-12-13,Pull (A),Band Pullaparts,E8D86EE8,2,normal,0,17
2024-12-13,Pull (A),Chest Supported Incline Row (Dumbbell),914F3A96,0,normal,22.68,8
2024-12-13,Pull (A),Chest Supported Incline Row (Dumbbell),914F3A96,1,normal,22.68,8
2024-12-13,Pull (A),Chest Supported Incline Row (Dumbbell),914F3A96,2,normal,22.68,8
2024-12-13,Pull (A),Seated Cable Row - V Grip (Cable),0393F233,0,normal,31.75,10
2024-12-13,Pull (A),Seated Cable Row - V Grip (Cable),0393F233,1,normal,31.75,10
2024-12-13,Pull (A),Seated Cable Row - V Grip (Cable),0393F233,2,normal,31.75,10
2024-12-13,Pull (A),Seated Incline Curl (Dumbbell),8BAB2735,0,normal,13.61,12
2024-12-13,Pull (A),Seated Incline Curl (Dumbbell),8BAB2735,1,normal,13.61,12
2024-12-13,Pull (A),Seated Incline Curl (Dumbbell),8BAB2735,2,normal,13.61,12
2024-12-13,Push (A),Incline Bench Press (Barbell),50DFDFAB,0,normal,47.63,6
2024-12-13,Push (A),Incline Bench Press (Barbell),50DFDFAB,1,normal,47.63,7
2024-12-13,Push (A),Incline Bench Press (Barbell),50DFDFAB,2,normal,47.63,7
2024-12-13,Push (A),Incline Bench Press (Barbell),50DFDFAB,3,normal,47.63,6
2024-12-13,Push (A),Shoulder Press (Dumbbell),878CD1D0,0,normal,27.22,8
2024-12-13,Push (A),Shoulder Press (Dumbbell),878CD1D0,1,normal,27.22,7
2024-12-13,Push (A),Shoulder Press (Dumbbell),878CD1D0,2,normal,27.22,7
2024-12-13,Push (A),Shoulder Press (Dumbbell),878CD1D0,3,normal,27.22,7
2024-12-13,Push (A),Triceps Pushdown,93A552C6,0,normal,13.61,12
2024-12-13,Push (A),Triceps Pushdown,93A552C6,1,normal,13.61,12
2024-12-13,Push (A),Triceps Pushdown,93A552C6,2,normal,13.61,12
2024-12-13,Push (A),Lateral Raise (Cable),BE289E45,0,normal,4.54,6
2024-12-13,Push (A),Lateral Raise (Cable),BE289E45,1,normal,4.54,6
2024-12-13,Push (A),Lateral Raise (Cable),BE289E45,2,normal,4.54,6
2024-12-13,Push (A),Triceps Extension (Dumbbell),3765684D,0,normal,15.88,9
2024-12-13,Push (A),Triceps Extension (Dumbbell),3765684D,1,normal,15.88,9
2024-12-13,Push (A),Triceps Extension (Dumbbell),3765684D,2,normal,15.88,9
2024-12-12,Legs (A),Romanian Deadlift (Barbell),2B4B7310,0,warmup,20.41,5
2024-12-12,Legs (A),Romanian Deadlift (Barbell),2B4B7310,1,normal,52.16,8
2024-12-12,Legs (A),Romanian Deadlift (Barbell),2B4B7310,2,normal,52.16,8
2024-12-12,Legs (A),Romanian Deadlift (Barbell),2B4B7310,3,normal,52.16,8
2024-12-12,Legs (A),Front Squat,5046D0A9,0,normal,13.61,8
2024-12-12,Legs (A),Front Squat,5046D0A9,1,normal,13.61,8
2024-12-12,Legs (A),Front Squat,5046D0A9,2,normal,13.61,8
2024-12-12,Legs (A),Seated Leg Curl (Machine),11A123F3,0,normal,15.88,10
2024-12-12,Legs (A),Seated Leg Curl (Machine),11A123F3,1,normal,15.88,10
2024-12-12,Legs (A),Seated Leg Curl (Machine),11A123F3,2,normal,15.88,10
2024-12-12,Legs (A),Standing Calf Raise (Dumbbell),6DA40660,0,normal,13.61,10
2024-12-12,Legs (A),Standing Calf Raise (Dumbbell),6DA40660,1,normal,13.61,10
2024-12-12,Legs (A),Standing Calf Raise (Dumbbell),6DA40660,2,normal,13.61,10
2024-12-12,Legs (A),Assisted Pistol Squats,5BFF35BA,0,normal,0,5
2024-12-12,Legs (A),Assisted Pistol Squats,5BFF35BA,1,normal,0,5
2024-12-12,Legs (A),Assisted Pistol Squats,5BFF35BA,2,normal,0,5
2024-12-12,Legs (A),Hammer Curl (Dumbbell),7E3BC8B6,0,normal,9.07,10
2024-12-12,Legs (A),Hammer Curl (Dumbbell),7E3BC8B6,1,normal,9.07,10
2024-12-12,Legs (A),Hammer Curl (Dumbbell),7E3BC8B6,2,normal,9.07,10
2024-12-11,Pull (A),Chin Up (Weighted),023943F1,0,normal,4.54,4
2024-12-11,Pull (A),Chin Up (Weighted),023943F1,1,normal,4.54,4
2024-12-11,Pull (A),Chin Up (Weighted),023943F1,2,normal,4.54,4
2024-12-11,Pull (A),Chin Up (Weighted),023943F1,3,normal,4.54,4
2024-12-11,Pull (A),Chin Up (Weighted),023943F1,4,failure,4.54,5
2024-12-11,Pull (A),Single Arm Lat Pulldown,2EE45F81,0,normal,19.28,10
2024-12-11,Pull (A),Single Arm Lat Pulldown,2EE45F81,1,normal,19.28,10
2024-12-11,Pull (A),Single Arm Lat Pulldown,2EE45F81,2,normal,19.28,10
2024-12-11,Pull (A),Rear Delt Reverse Fly (Cable),C315DC2A,0,normal,0,15
2024-12-11,Pull (A),Rear Delt Reverse Fly (Cable),C315DC2A,1,normal,0,15
2024-12-11,Pull (A),Rear Delt Reverse Fly (Cable),C315DC2A,2,normal,0,15
2024-12-11,Pull (A),Chest Supported Incline Row (Dumbbell),914F3A96,0,normal,9.07,5
2024-12-11,Pull (A),Chest Supported Incline Row (Dumbbell),914F3A96,1,normal,9.07,5
2024-12-11,Pull (A),Chest Supported Incline Row (Dumbbell),914F3A96,2,normal,9.07,8
2024-12-11,Pull (A),Seated Cable Row - Bar Grip,F1D60854,0,normal,24.95,10
2024-12-11,Pull (A),Seated Cable Row - Bar Grip,F1D60854,1,normal,24.95,10
2024-12-11,Pull (A),Seated Cable Row - Bar Grip,F1D60854,2,normal,24.95,10
2024-12-11,Pull (A),Seated Incline Curl (Dumbbell),8BAB2735,0,normal,5.67,12
2024-12-11,Pull (A),Seated Incline Curl (Dumbbell),8BAB2735,1,normal,5.67,12
2024-12-11,Pull (A),Seated Incline Curl (Dumbbell),8BAB2735,2,normal,5.67,12
2024-12-09,Push (A),Incline Bench Press (Barbell),50DFDFAB,0,normal,43.09,8
2024-12-09,Push (A),Incline Bench Press (Barbell),50DFDFAB,1,normal,43.09,8
2024-12-09,Push (A),Incline Bench Press (Barbell),50DFDFAB,2,normal,43.09,8
2024-12-09,Push (A),Incline Bench Press (Barbell),50DFDFAB,3,normal,43.09,8
2024-12-09,Push (A),Shoulder Press (Dumbbell),878CD1D0,0,normal,13.61,4
2024-12-09,Push (A),Shoulder Press (Dumbbell),878CD1D0,1,normal,13.61,6
2024-12-09,Push (A),Shoulder Press (Dumbbell),878CD1D0,2,normal,13.61,6
2024-12-09,Push (A),Shoulder Press (Dumbbell),878CD1D0,3,normal,13.61,6
2024-12-09,Push (A),Triceps Pushdown,93A552C6,0,normal,13.61,10
2024-12-09,Push (A),Triceps Pushdown,93A552C6,1,normal,13.61,10
2024-12-09,Push (A),Triceps Pushdown,93A552C6,2,normal,13.61,10
2024-12-09,Push (A),Lateral Raise (Cable),BE289E45,0,normal,4.54,10
2024-12-09,Push (A),Lateral Raise (Cable),BE289E45,1,normal,4.54,10
2024-12-09,Push (A),Lateral Raise (Cable),BE289E45,2,normal,4.54,10
2024-12-09,Push (A),Triceps Extension (Dumbbell),3765684D,0,normal,15.88,8
2024-12-09,Push (A),Triceps Extension (Dumbbell),3765684D,1,normal,15.88,8
2024-12-09,Push (A),Triceps Extension (Dumbbell),3765684D,2,normal,15.88,8
